holding_date,stock_code,stock_name,participant_id,shareholding
2026-03-26,00001,CK HUTCHISON HOLDINGS LIMITED,B01161,66135127
2026-03-26,00001,CK HUTCHISON HOLDINGS LIMITED,B01590,26228763
2026-03-26,00001,CK HUTCHISON HOLDINGS LIMITED,B01451,23828720
2026-03-26,00001,CK HUTCHISON HOLDINGS LIMITED,B01284,23626660
2026-03-26,00001,CK HUTCHISON HOLDINGS LIMITED,B01274,17901359
2026-03-26,00001,CK HUTCHISON HOLDINGS LIMITED,B01130,15891120
2026-03-26,00001,CK HUTCHISON HOLDINGS LIMITED,B01353,14464955
2026-03-26,00001,CK HUTCHISON HOLDINGS LIMITED,B01955,10413028
2026-03-26,00001,CK HUTCHISON HOLDINGS LIMITED,B01089,9023551
2026-03-26,00001,CK HUTCHISON HOLDINGS LIMITED,B01695,7334917
2026-03-26,00001,CK HUTCHISON HOLDINGS LIMITED,B01727,5662853
2026-03-26,00001,CK HUTCHISON HOLDINGS LIMITED,B01224,4544362
2026-03-26,00001,CK HUTCHISON HOLDINGS LIMITED,B01118,4533323
2026-03-26,00001,CK HUTCHISON HOLDINGS LIMITED,B01086,4220711
2026-03-26,00001,CK HUTCHISON HOLDINGS LIMITED,B01345,4019029
2026-03-26,00001,CK HUTCHISON HOLDINGS LIMITED,B01668,3941060
2026-03-26,00001,CK HUTCHISON HOLDINGS LIMITED,B01623,3244371
2026-03-26,00001,CK HUTCHISON HOLDINGS LIMITED,B01610,3227973
2026-03-26,00001,CK HUTCHISON HOLDINGS LIMITED,B01183,3208631
2026-03-26,00001,CK HUTCHISON HOLDINGS LIMITED,B01584,2999902
2026-03-26,00001,CK HUTCHISON HOLDINGS LIMITED,B01582,2023000
2026-03-26,00001,CK HUTCHISON HOLDINGS LIMITED,B01272,1563155
2026-03-26,00001,CK HUTCHISON HOLDINGS LIMITED,B01497,1426630
2026-03-26,00001,CK HUTCHISON HOLDINGS LIMITED,B01129,1414316
2026-03-26,00001,CK HUTCHISON HOLDINGS LIMITED,B01347,1164915
2026-03-26,00001,CK HUTCHISON HOLDINGS LIMITED,B01829,1115588
2026-03-26,00001,CK HUTCHISON HOLDINGS LIMITED,B01138,952868
2026-03-26,00001,CK HUTCHISON HOLDINGS LIMITED,B01842,915790
2026-03-26,00001,CK HUTCHISON HOLDINGS LIMITED,B01565,892142
2026-03-26,00001,CK HUTCHISON HOLDINGS LIMITED,B01228,781508
2026-03-26,00001,CK HUTCHISON HOLDINGS LIMITED,B01905,778650
2026-03-26,00001,CK HUTCHISON HOLDINGS LIMITED,B01947,775968
2026-03-26,00001,CK HUTCHISON HOLDINGS LIMITED,B01762,763271
2026-03-26,00001,CK HUTCHISON HOLDINGS LIMITED,B01673,724523
2026-03-26,00001,CK HUTCHISON HOLDINGS LIMITED,B01143,721659
2026-03-26,00001,CK HUTCHISON HOLDINGS LIMITED,B01264,709633
2026-03-26,00001,CK HUTCHISON HOLDINGS LIMITED,B01265,706141
2026-03-26,00001,CK HUTCHISON HOLDINGS LIMITED,B01710,697530
2026-03-26,00001,CK HUTCHISON HOLDINGS LIMITED,B02195,638241
2026-03-26,00001,CK HUTCHISON HOLDINGS LIMITED,B01158,598113
2026-03-26,00001,CK HUTCHISON HOLDINGS LIMITED,B01858,577666
2026-03-26,00001,CK HUTCHISON HOLDINGS LIMITED,B01413,551872
2026-03-26,00001,CK HUTCHISON HOLDINGS LIMITED,B02132,534341
2026-03-26,00001,CK HUTCHISON HOLDINGS LIMITED,B01885,521000
2026-03-26,00001,CK HUTCHISON HOLDINGS LIMITED,B01423,485989
2026-03-26,00001,CK HUTCHISON HOLDINGS LIMITED,B02158,485000
2026-03-26,00001,CK HUTCHISON HOLDINGS LIMITED,B01169,478925
2026-03-26,00001,CK HUTCHISON HOLDINGS LIMITED,B01826,476392
2026-03-26,00001,CK HUTCHISON HOLDINGS LIMITED,B01148,463621
2026-03-26,00001,CK HUTCHISON HOLDINGS LIMITED,B01115,430195
2026-03-26,00001,CK HUTCHISON HOLDINGS LIMITED,B01459,417402
2026-03-26,00001,CK HUTCHISON HOLDINGS LIMITED,B02159,373490
2026-03-26,00001,CK HUTCHISON HOLDINGS LIMITED,B01338,366431
2026-03-26,00001,CK HUTCHISON HOLDINGS LIMITED,B01289,351359
2026-03-26,00001,CK HUTCHISON HOLDINGS LIMITED,B01275,349910
2026-03-26,00001,CK HUTCHISON HOLDINGS LIMITED,B01581,348291
2026-03-26,00001,CK HUTCHISON HOLDINGS LIMITED,B01556,316131
2026-03-26,00001,CK HUTCHISON HOLDINGS LIMITED,B01814,312500
2026-03-26,00001,CK HUTCHISON HOLDINGS LIMITED,B01901,307281
2026-03-26,00001,CK HUTCHISON HOLDINGS LIMITED,B01904,303012
2026-03-26,00001,CK HUTCHISON HOLDINGS LIMITED,B01119,300337
2026-03-26,00001,CK HUTCHISON HOLDINGS LIMITED,B01494,297472
2026-03-26,00001,CK HUTCHISON HOLDINGS LIMITED,B01929,296824
2026-03-26,00001,CK HUTCHISON HOLDINGS LIMITED,B02175,294000
2026-03-26,00001,CK HUTCHISON HOLDINGS LIMITED,B01373,284721
2026-03-26,00001,CK HUTCHISON HOLDINGS LIMITED,B01425,281381
2026-03-26,00001,CK HUTCHISON HOLDINGS LIMITED,B01252,278108
2026-03-26,00001,CK HUTCHISON HOLDINGS LIMITED,B01184,274077
2026-03-26,00001,CK HUTCHISON HOLDINGS LIMITED,B01801,252000
2026-03-26,00001,CK HUTCHISON HOLDINGS LIMITED,B01787,245994
2026-03-26,00001,CK HUTCHISON HOLDINGS LIMITED,B01848,234500
2026-03-26,00001,CK HUTCHISON HOLDINGS LIMITED,B01813,233010
2026-03-26,00001,CK HUTCHISON HOLDINGS LIMITED,B01552,230733
2026-03-26,00001,CK HUTCHISON HOLDINGS LIMITED,B01450,227113
2026-03-26,00001,CK HUTCHISON HOLDINGS LIMITED,B01649,224880
2026-03-26,00001,CK HUTCHISON HOLDINGS LIMITED,B02142,219640
2026-03-26,00001,CK HUTCHISON HOLDINGS LIMITED,B01209,216182
2026-03-26,00001,CK HUTCHISON HOLDINGS LIMITED,B01123,215802
2026-03-26,00001,CK HUTCHISON HOLDINGS LIMITED,B01298,202364
2026-03-26,00001,CK HUTCHISON HOLDINGS LIMITED,B01356,200827
2026-03-26,00001,CK HUTCHISON HOLDINGS LIMITED,B01588,199166
2026-03-26,00001,CK HUTCHISON HOLDINGS LIMITED,B01351,184864
2026-03-26,00001,CK HUTCHISON HOLDINGS LIMITED,B01555,177386
2026-03-26,00001,CK HUTCHISON HOLDINGS LIMITED,B01328,173414
2026-03-26,00001,CK HUTCHISON HOLDINGS LIMITED,B01809,172836
2026-03-26,00001,CK HUTCHISON HOLDINGS LIMITED,B01340,169048
2026-03-26,00001,CK HUTCHISON HOLDINGS LIMITED,B01564,165274
2026-03-26,00001,CK HUTCHISON HOLDINGS LIMITED,B01940,164500
2026-03-26,00001,CK HUTCHISON HOLDINGS LIMITED,B01439,161050
2026-03-26,00001,CK HUTCHISON HOLDINGS LIMITED,B01696,152012
2026-03-26,00001,CK HUTCHISON HOLDINGS LIMITED,B01324,149105
2026-03-26,00001,CK HUTCHISON HOLDINGS LIMITED,B01567,148513
2026-03-26,00001,CK HUTCHISON HOLDINGS LIMITED,B01900,146892
2026-03-26,00001,CK HUTCHISON HOLDINGS LIMITED,B01343,146671
2026-03-26,00001,CK HUTCHISON HOLDINGS LIMITED,B01173,145029
2026-03-26,00001,CK HUTCHISON HOLDINGS LIMITED,B01941,133872
2026-03-26,00001,CK HUTCHISON HOLDINGS LIMITED,B02163,131184
2026-03-26,00001,CK HUTCHISON HOLDINGS LIMITED,B01292,129628
2026-03-26,00001,CK HUTCHISON HOLDINGS LIMITED,B01939,123008
2026-03-26,00001,CK HUTCHISON HOLDINGS LIMITED,B01267,122307
2026-03-26,00001,CK HUTCHISON HOLDINGS LIMITED,B01198,114597
2026-03-26,00001,CK HUTCHISON HOLDINGS LIMITED,B01724,114486
2026-03-26,00001,CK HUTCHISON HOLDINGS LIMITED,B01469,113300
2026-03-26,00001,CK HUTCHISON HOLDINGS LIMITED,B01782,112387
2026-03-26,00001,CK HUTCHISON HOLDINGS LIMITED,B01938,111182
2026-03-26,00001,CK HUTCHISON HOLDINGS LIMITED,B01890,108812
2026-03-26,00001,CK HUTCHISON HOLDINGS LIMITED,B01483,107864
2026-03-26,00001,CK HUTCHISON HOLDINGS LIMITED,B01546,107732
2026-03-26,00001,CK HUTCHISON HOLDINGS LIMITED,B01866,107416
2026-03-26,00001,CK HUTCHISON HOLDINGS LIMITED,B01438,105797
2026-03-26,00001,CK HUTCHISON HOLDINGS LIMITED,B01664,98416
2026-03-26,00001,CK HUTCHISON HOLDINGS LIMITED,B01445,98104
2026-03-26,00001,CK HUTCHISON HOLDINGS LIMITED,B01686,97756
2026-03-26,00001,CK HUTCHISON HOLDINGS LIMITED,B01540,96644
2026-03-26,00001,CK HUTCHISON HOLDINGS LIMITED,B01416,96076
2026-03-26,00001,CK HUTCHISON HOLDINGS LIMITED,B01253,95300
2026-03-26,00001,CK HUTCHISON HOLDINGS LIMITED,B01271,94556
2026-03-26,00001,CK HUTCHISON HOLDINGS LIMITED,B01843,93208
2026-03-26,00001,CK HUTCHISON HOLDINGS LIMITED,B01894,92500
2026-03-26,00001,CK HUTCHISON HOLDINGS LIMITED,B01527,92000
2026-03-26,00001,CK HUTCHISON HOLDINGS LIMITED,B01654,83687
2026-03-26,00001,CK HUTCHISON HOLDINGS LIMITED,B01511,81932
2026-03-26,00001,CK HUTCHISON HOLDINGS LIMITED,B01666,80972
2026-03-26,00001,CK HUTCHISON HOLDINGS LIMITED,B01909,80000
2026-03-26,00001,CK HUTCHISON HOLDINGS LIMITED,B01230,77602
2026-03-26,00001,CK HUTCHISON HOLDINGS LIMITED,B01519,77244
2026-03-26,00001,CK HUTCHISON HOLDINGS LIMITED,B01700,74924
2026-03-26,00001,CK HUTCHISON HOLDINGS LIMITED,B01290,72392
2026-03-26,00001,CK HUTCHISON HOLDINGS LIMITED,B01893,70222
2026-03-26,00001,CK HUTCHISON HOLDINGS LIMITED,B01849,69840
2026-03-26,00001,CK HUTCHISON HOLDINGS LIMITED,B02156,68000
2026-03-26,00001,CK HUTCHISON HOLDINGS LIMITED,B01585,67972
2026-03-26,00001,CK HUTCHISON HOLDINGS LIMITED,B01576,63503
2026-03-26,00001,CK HUTCHISON HOLDINGS LIMITED,B01294,60094
2026-03-26,00001,CK HUTCHISON HOLDINGS LIMITED,B01433,59326
2026-03-26,00001,CK HUTCHISON HOLDINGS LIMITED,B01470,59104
2026-03-26,00001,CK HUTCHISON HOLDINGS LIMITED,B01661,57952
2026-03-26,00001,CK HUTCHISON HOLDINGS LIMITED,B01538,57720
2026-03-26,00001,CK HUTCHISON HOLDINGS LIMITED,B01525,57700
2026-03-26,00001,CK HUTCHISON HOLDINGS LIMITED,B01743,52368
2026-03-26,00001,CK HUTCHISON HOLDINGS LIMITED,B01788,51681
2026-03-26,00001,CK HUTCHISON HOLDINGS LIMITED,B01645,51194
2026-03-26,00001,CK HUTCHISON HOLDINGS LIMITED,B01455,48276
2026-03-26,00001,CK HUTCHISON HOLDINGS LIMITED,B01665,48064
2026-03-26,00001,CK HUTCHISON HOLDINGS LIMITED,B01256,46913
2026-03-26,00001,CK HUTCHISON HOLDINGS LIMITED,B01783,42916
2026-03-26,00001,CK HUTCHISON HOLDINGS LIMITED,B01458,42378
2026-03-26,00001,CK HUTCHISON HOLDINGS LIMITED,B01551,41132
2026-03-26,00001,CK HUTCHISON HOLDINGS LIMITED,B01767,40172
2026-03-26,00001,CK HUTCHISON HOLDINGS LIMITED,B01833,39000
2026-03-26,00001,CK HUTCHISON HOLDINGS LIMITED,B02093,38184
2026-03-26,00001,CK HUTCHISON HOLDINGS LIMITED,B01481,36708
2026-03-26,00001,CK HUTCHISON HOLDINGS LIMITED,B01759,34752
2026-03-26,00001,CK HUTCHISON HOLDINGS LIMITED,B01659,34708
2026-03-26,00001,CK HUTCHISON HOLDINGS LIMITED,B01110,34100
2026-03-26,00001,CK HUTCHISON HOLDINGS LIMITED,B01789,33972
2026-03-26,00001,CK HUTCHISON HOLDINGS LIMITED,B01705,33652
2026-03-26,00001,CK HUTCHISON HOLDINGS LIMITED,B01769,33551
2026-03-26,00001,CK HUTCHISON HOLDINGS LIMITED,B01974,32881
2026-03-26,00001,CK HUTCHISON HOLDINGS LIMITED,B02091,32500
2026-03-26,00001,CK HUTCHISON HOLDINGS LIMITED,B01615,32437
2026-03-26,00001,CK HUTCHISON HOLDINGS LIMITED,B01973,31500
2026-03-26,00001,CK HUTCHISON HOLDINGS LIMITED,B01514,29156
2026-03-26,00001,CK HUTCHISON HOLDINGS LIMITED,B01563,29064
2026-03-26,00001,CK HUTCHISON HOLDINGS LIMITED,B02028,29000
2026-03-26,00001,CK HUTCHISON HOLDINGS LIMITED,B02102,29000
2026-03-26,00001,CK HUTCHISON HOLDINGS LIMITED,B01401,26916
2026-03-26,00001,CK HUTCHISON HOLDINGS LIMITED,B01277,26804
2026-03-26,00001,CK HUTCHISON HOLDINGS LIMITED,B01523,25788
2026-03-26,00001,CK HUTCHISON HOLDINGS LIMITED,B02141,25000
2026-03-26,00001,CK HUTCHISON HOLDINGS LIMITED,B01213,24212
2026-03-26,00001,CK HUTCHISON HOLDINGS LIMITED,B01141,23854
2026-03-26,00001,CK HUTCHISON HOLDINGS LIMITED,B01500,23520
2026-03-26,00001,CK HUTCHISON HOLDINGS LIMITED,B01509,22476
2026-03-26,00001,CK HUTCHISON HOLDINGS LIMITED,B01784,21500
2026-03-26,00001,CK HUTCHISON HOLDINGS LIMITED,B01962,21500
2026-03-26,00001,CK HUTCHISON HOLDINGS LIMITED,B01676,21288
2026-03-26,00001,CK HUTCHISON HOLDINGS LIMITED,B01680,20556
2026-03-26,00001,CK HUTCHISON HOLDINGS LIMITED,B01964,19788
2026-03-26,00001,CK HUTCHISON HOLDINGS LIMITED,B01601,19368
2026-03-26,00001,CK HUTCHISON HOLDINGS LIMITED,B01454,19120
2026-03-26,00001,CK HUTCHISON HOLDINGS LIMITED,B01906,18840
2026-03-26,00001,CK HUTCHISON HOLDINGS LIMITED,B01935,18500
2026-03-26,00001,CK HUTCHISON HOLDINGS LIMITED,B02032,18371
2026-03-26,00001,CK HUTCHISON HOLDINGS LIMITED,B01777,17172
2026-03-26,00001,CK HUTCHISON HOLDINGS LIMITED,B01720,16472
2026-03-26,00001,CK HUTCHISON HOLDINGS LIMITED,B01967,16242
2026-03-26,00001,CK HUTCHISON HOLDINGS LIMITED,B01897,15940
2026-03-26,00001,CK HUTCHISON HOLDINGS LIMITED,B01741,15902
2026-03-26,00001,CK HUTCHISON HOLDINGS LIMITED,B01669,15752
2026-03-26,00001,CK HUTCHISON HOLDINGS LIMITED,B01571,15052
2026-03-26,00001,CK HUTCHISON HOLDINGS LIMITED,B01863,15000
2026-03-26,00001,CK HUTCHISON HOLDINGS LIMITED,B01181,14472
2026-03-26,00001,CK HUTCHISON HOLDINGS LIMITED,B01310,14236
2026-03-26,00001,CK HUTCHISON HOLDINGS LIMITED,B01389,13152
2026-03-26,00001,CK HUTCHISON HOLDINGS LIMITED,B01959,13001
2026-03-26,00001,CK HUTCHISON HOLDINGS LIMITED,B01930,13000
2026-03-26,00001,CK HUTCHISON HOLDINGS LIMITED,B01751,11738
2026-03-26,00001,CK HUTCHISON HOLDINGS LIMITED,B01937,11684
2026-03-26,00001,CK HUTCHISON HOLDINGS LIMITED,B01240,11242
2026-03-26,00001,CK HUTCHISON HOLDINGS LIMITED,B01444,10920
2026-03-26,00001,CK HUTCHISON HOLDINGS LIMITED,B01907,10684
2026-03-26,00001,CK HUTCHISON HOLDINGS LIMITED,B01619,10500
2026-03-26,00001,CK HUTCHISON HOLDINGS LIMITED,B01684,10419
2026-03-26,00001,CK HUTCHISON HOLDINGS LIMITED,B01753,10392
2026-03-26,00001,CK HUTCHISON HOLDINGS LIMITED,B01447,10000
2026-03-26,00001,CK HUTCHISON HOLDINGS LIMITED,B01810,9868
2026-03-26,00001,CK HUTCHISON HOLDINGS LIMITED,B01608,9576
2026-03-26,00001,CK HUTCHISON HOLDINGS LIMITED,B01915,9500
2026-03-26,00001,CK HUTCHISON HOLDINGS LIMITED,B01248,9420
2026-03-26,00001,CK HUTCHISON HOLDINGS LIMITED,B01963,8500
2026-03-26,00001,CK HUTCHISON HOLDINGS LIMITED,B01978,8500
2026-03-26,00001,CK HUTCHISON HOLDINGS LIMITED,B01832,8280
2026-03-26,00001,CK HUTCHISON HOLDINGS LIMITED,B01592,8250
2026-03-26,00001,CK HUTCHISON HOLDINGS LIMITED,B01716,8000
2026-03-26,00001,CK HUTCHISON HOLDINGS LIMITED,B02120,8000
2026-03-26,00001,CK HUTCHISON HOLDINGS LIMITED,B01350,7868
2026-03-26,00001,CK HUTCHISON HOLDINGS LIMITED,B01577,7540
2026-03-26,00001,CK HUTCHISON HOLDINGS LIMITED,B01825,7000
2026-03-26,00001,CK HUTCHISON HOLDINGS LIMITED,B02128,7000
2026-03-26,00001,CK HUTCHISON HOLDINGS LIMITED,B01427,6868
2026-03-26,00001,CK HUTCHISON HOLDINGS LIMITED,B01407,6840
2026-03-26,00001,CK HUTCHISON HOLDINGS LIMITED,B01755,6500
2026-03-26,00001,CK HUTCHISON HOLDINGS LIMITED,B01773,6252
2026-03-26,00001,CK HUTCHISON HOLDINGS LIMITED,B01794,5901
2026-03-26,00001,CK HUTCHISON HOLDINGS LIMITED,B01386,5688
2026-03-26,00001,CK HUTCHISON HOLDINGS LIMITED,B01934,5236
2026-03-26,00001,CK HUTCHISON HOLDINGS LIMITED,B02176,5236
2026-03-26,00001,CK HUTCHISON HOLDINGS LIMITED,B01428,5000
2026-03-26,00001,CK HUTCHISON HOLDINGS LIMITED,B01816,5000
2026-03-26,00001,CK HUTCHISON HOLDINGS LIMITED,B01875,5000
2026-03-26,00001,CK HUTCHISON HOLDINGS LIMITED,B02192,5000
2026-03-26,00001,CK HUTCHISON HOLDINGS LIMITED,B01919,4603
2026-03-26,00001,CK HUTCHISON HOLDINGS LIMITED,B01510,4368
2026-03-26,00001,CK HUTCHISON HOLDINGS LIMITED,B01080,4356
2026-03-26,00001,CK HUTCHISON HOLDINGS LIMITED,B01341,4236
2026-03-26,00001,CK HUTCHISON HOLDINGS LIMITED,B01660,4158
2026-03-26,00001,CK HUTCHISON HOLDINGS LIMITED,B01868,4000
2026-03-26,00001,CK HUTCHISON HOLDINGS LIMITED,B01976,4000
2026-03-26,00001,CK HUTCHISON HOLDINGS LIMITED,B02078,4000
2026-03-26,00001,CK HUTCHISON HOLDINGS LIMITED,B01677,3684
2026-03-26,00001,CK HUTCHISON HOLDINGS LIMITED,B01231,3368
2026-03-26,00001,CK HUTCHISON HOLDINGS LIMITED,B01948,3257
2026-03-26,00001,CK HUTCHISON HOLDINGS LIMITED,B01756,3184
2026-03-26,00001,CK HUTCHISON HOLDINGS LIMITED,B01936,3054
2026-03-26,00001,CK HUTCHISON HOLDINGS LIMITED,B01922,2868
2026-03-26,00001,CK HUTCHISON HOLDINGS LIMITED,B01982,2804
2026-03-26,00001,CK HUTCHISON HOLDINGS LIMITED,B01685,2500
2026-03-26,00001,CK HUTCHISON HOLDINGS LIMITED,B01714,2500
2026-03-26,00001,CK HUTCHISON HOLDINGS LIMITED,B02035,2500
2026-03-26,00001,CK HUTCHISON HOLDINGS LIMITED,B02085,2500
2026-03-26,00001,CK HUTCHISON HOLDINGS LIMITED,B01920,2368
2026-03-26,00001,CK HUTCHISON HOLDINGS LIMITED,B02183,2052
2026-03-26,00001,CK HUTCHISON HOLDINGS LIMITED,B01508,2000
2026-03-26,00001,CK HUTCHISON HOLDINGS LIMITED,B01580,2000
2026-03-26,00001,CK HUTCHISON HOLDINGS LIMITED,B01636,2000
2026-03-26,00001,CK HUTCHISON HOLDINGS LIMITED,B02013,2000
2026-03-26,00001,CK HUTCHISON HOLDINGS LIMITED,B02056,2000
2026-03-26,00001,CK HUTCHISON HOLDINGS LIMITED,B01694,1684
2026-03-26,00001,CK HUTCHISON HOLDINGS LIMITED,B01823,1500
2026-03-26,00001,CK HUTCHISON HOLDINGS LIMITED,B01921,1500
2026-03-26,00001,CK HUTCHISON HOLDINGS LIMITED,B01627,1368
2026-03-26,00001,CK HUTCHISON HOLDINGS LIMITED,B02047,1184
2026-03-26,00001,CK HUTCHISON HOLDINGS LIMITED,B01308,1000
2026-03-26,00001,CK HUTCHISON HOLDINGS LIMITED,B01754,1000
2026-03-26,00001,CK HUTCHISON HOLDINGS LIMITED,B01883,1000
2026-03-26,00001,CK HUTCHISON HOLDINGS LIMITED,B01891,1000
2026-03-26,00001,CK HUTCHISON HOLDINGS LIMITED,B01925,1000
2026-03-26,00001,CK HUTCHISON HOLDINGS LIMITED,B01957,1000
2026-03-26,00001,CK HUTCHISON HOLDINGS LIMITED,B01995,1000
2026-03-26,00001,CK HUTCHISON HOLDINGS LIMITED,B02059,1000
2026-03-26,00001,CK HUTCHISON HOLDINGS LIMITED,B02075,1000
2026-03-26,00001,CK HUTCHISON HOLDINGS LIMITED,B02096,1000
2026-03-26,00001,CK HUTCHISON HOLDINGS LIMITED,B02214,1000
2026-03-26,00001,CK HUTCHISON HOLDINGS LIMITED,B02221,1000
2026-03-26,00001,CK HUTCHISON HOLDINGS LIMITED,B02116,684
2026-03-26,00001,CK HUTCHISON HOLDINGS LIMITED,B02213,684
2026-03-26,00001,CK HUTCHISON HOLDINGS LIMITED,B01986,500
2026-03-26,00001,CK HUTCHISON HOLDINGS LIMITED,B01988,500
2026-03-26,00001,CK HUTCHISON HOLDINGS LIMITED,B02020,500
2026-03-26,00001,CK HUTCHISON HOLDINGS LIMITED,B02073,500
2026-03-26,00001,CK HUTCHISON HOLDINGS LIMITED,B02151,500
2026-03-26,00001,CK HUTCHISON HOLDINGS LIMITED,B01320,184
2026-03-26,00001,CK HUTCHISON HOLDINGS LIMITED,B01830,52
2026-03-26,00001,CK HUTCHISON HOLDINGS LIMITED,B01217,5
2026-03-26,00001,CK HUTCHISON HOLDINGS LIMITED,B01246,1
2026-03-26,00002,CLP HOLDINGS LIMITED,B01138,43686083
2026-03-26,00002,CLP HOLDINGS LIMITED,B01284,43069602
2026-03-26,00002,CLP HOLDINGS LIMITED,B01089,29896638
2026-03-26,00002,CLP HOLDINGS LIMITED,B01161,21069694
2026-03-26,00002,CLP HOLDINGS LIMITED,B01130,19696296
2026-03-26,00002,CLP HOLDINGS LIMITED,B01552,10365896
2026-03-26,00002,CLP HOLDINGS LIMITED,B01118,7679074
2026-03-26,00002,CLP HOLDINGS LIMITED,B01955,7137722
2026-03-26,00002,CLP HOLDINGS LIMITED,B01695,6427782
2026-03-26,00002,CLP HOLDINGS LIMITED,B01727,6029060
2026-03-26,00002,CLP HOLDINGS LIMITED,B01183,5841255
2026-03-26,00002,CLP HOLDINGS LIMITED,B01353,4950011
2026-03-26,00002,CLP HOLDINGS LIMITED,B01668,4523580
2026-03-26,00002,CLP HOLDINGS LIMITED,B01590,4044687
2026-03-26,00002,CLP HOLDINGS LIMITED,B01576,3746318
2026-03-26,00002,CLP HOLDINGS LIMITED,B01451,3456192
2026-03-26,00002,CLP HOLDINGS LIMITED,B01345,2865616
2026-03-26,00002,CLP HOLDINGS LIMITED,B01086,2667034
2026-03-26,00002,CLP HOLDINGS LIMITED,B01274,1791384
2026-03-26,00002,CLP HOLDINGS LIMITED,B01584,1775185
2026-03-26,00002,CLP HOLDINGS LIMITED,B01373,1497440
2026-03-26,00002,CLP HOLDINGS LIMITED,B01610,1390923
2026-03-26,00002,CLP HOLDINGS LIMITED,B01272,1311002
2026-03-26,00002,CLP HOLDINGS LIMITED,B01826,1186000
2026-03-26,00002,CLP HOLDINGS LIMITED,B01842,1161060
2026-03-26,00002,CLP HOLDINGS LIMITED,B01787,985561
2026-03-26,00002,CLP HOLDINGS LIMITED,B01119,959182
2026-03-26,00002,CLP HOLDINGS LIMITED,B01623,883316
2026-03-26,00002,CLP HOLDINGS LIMITED,B01169,736923
2026-03-26,00002,CLP HOLDINGS LIMITED,B01148,733608
2026-03-26,00002,CLP HOLDINGS LIMITED,B01228,692742
2026-03-26,00002,CLP HOLDINGS LIMITED,B01129,660832
2026-03-26,00002,CLP HOLDINGS LIMITED,B01423,646246
2026-03-26,00002,CLP HOLDINGS LIMITED,B01930,552000
2026-03-26,00002,CLP HOLDINGS LIMITED,B01497,550630
2026-03-26,00002,CLP HOLDINGS LIMITED,B01143,521776
2026-03-26,00002,CLP HOLDINGS LIMITED,B01574,515520
2026-03-26,00002,CLP HOLDINGS LIMITED,B01904,507914
2026-03-26,00002,CLP HOLDINGS LIMITED,B01676,485886
2026-03-26,00002,CLP HOLDINGS LIMITED,B01275,482066
2026-03-26,00002,CLP HOLDINGS LIMITED,B01649,457128
2026-03-26,00002,CLP HOLDINGS LIMITED,B01556,445940
2026-03-26,00002,CLP HOLDINGS LIMITED,B01265,444800
2026-03-26,00002,CLP HOLDINGS LIMITED,B01929,435487
2026-03-26,00002,CLP HOLDINGS LIMITED,B01115,433658
2026-03-26,00002,CLP HOLDINGS LIMITED,B01224,420832
2026-03-26,00002,CLP HOLDINGS LIMITED,B01459,382700
2026-03-26,00002,CLP HOLDINGS LIMITED,B01450,373786
2026-03-26,00002,CLP HOLDINGS LIMITED,B01264,361623
2026-03-26,00002,CLP HOLDINGS LIMITED,B01413,345831
2026-03-26,00002,CLP HOLDINGS LIMITED,B01425,341816
2026-03-26,00002,CLP HOLDINGS LIMITED,B01673,338223
2026-03-26,00002,CLP HOLDINGS LIMITED,B01289,317675
2026-03-26,00002,CLP HOLDINGS LIMITED,B01565,312990
2026-03-26,00002,CLP HOLDINGS LIMITED,B01759,281949
2026-03-26,00002,CLP HOLDINGS LIMITED,B01123,275621
2026-03-26,00002,CLP HOLDINGS LIMITED,B01324,270100
2026-03-26,00002,CLP HOLDINGS LIMITED,B02132,248018
2026-03-26,00002,CLP HOLDINGS LIMITED,B01338,246183
2026-03-26,00002,CLP HOLDINGS LIMITED,B01939,243500
2026-03-26,00002,CLP HOLDINGS LIMITED,B01248,239800
2026-03-26,00002,CLP HOLDINGS LIMITED,B01271,232190
2026-03-26,00002,CLP HOLDINGS LIMITED,B01298,227000
2026-03-26,00002,CLP HOLDINGS LIMITED,B01724,219308
2026-03-26,00002,CLP HOLDINGS LIMITED,B01184,209020
2026-03-26,00002,CLP HOLDINGS LIMITED,B01483,206700
2026-03-26,00002,CLP HOLDINGS LIMITED,B01940,204486
2026-03-26,00002,CLP HOLDINGS LIMITED,B01267,202090
2026-03-26,00002,CLP HOLDINGS LIMITED,B01564,194780
2026-03-26,00002,CLP HOLDINGS LIMITED,B01941,191500
2026-03-26,00002,CLP HOLDINGS LIMITED,B01350,191343
2026-03-26,00002,CLP HOLDINGS LIMITED,B01198,185479
2026-03-26,00002,CLP HOLDINGS LIMITED,B01829,185389
2026-03-26,00002,CLP HOLDINGS LIMITED,B01209,182852
2026-03-26,00002,CLP HOLDINGS LIMITED,B01356,182340
2026-03-26,00002,CLP HOLDINGS LIMITED,B01546,179800
2026-03-26,00002,CLP HOLDINGS LIMITED,B01813,175191
2026-03-26,00002,CLP HOLDINGS LIMITED,B01897,166100
2026-03-26,00002,CLP HOLDINGS LIMITED,B01494,162284
2026-03-26,00002,CLP HOLDINGS LIMITED,B01230,159500
2026-03-26,00002,CLP HOLDINGS LIMITED,B01540,159016
2026-03-26,00002,CLP HOLDINGS LIMITED,B01964,158000
2026-03-26,00002,CLP HOLDINGS LIMITED,B01905,147200
2026-03-26,00002,CLP HOLDINGS LIMITED,B02175,146155
2026-03-26,00002,CLP HOLDINGS LIMITED,B01433,145020
2026-03-26,00002,CLP HOLDINGS LIMITED,B01252,143564
2026-03-26,00002,CLP HOLDINGS LIMITED,B01173,137654
2026-03-26,00002,CLP HOLDINGS LIMITED,B01439,137579
2026-03-26,00002,CLP HOLDINGS LIMITED,B02142,134000
2026-03-26,00002,CLP HOLDINGS LIMITED,B01567,130462
2026-03-26,00002,CLP HOLDINGS LIMITED,B01551,130100
2026-03-26,00002,CLP HOLDINGS LIMITED,B01843,127133
2026-03-26,00002,CLP HOLDINGS LIMITED,B01588,125286
2026-03-26,00002,CLP HOLDINGS LIMITED,B01901,118538
2026-03-26,00002,CLP HOLDINGS LIMITED,B01783,114500
2026-03-26,00002,CLP HOLDINGS LIMITED,B01788,113700
2026-03-26,00002,CLP HOLDINGS LIMITED,B01762,112363
2026-03-26,00002,CLP HOLDINGS LIMITED,B02156,110000
2026-03-26,00002,CLP HOLDINGS LIMITED,B01470,102409
2026-03-26,00002,CLP HOLDINGS LIMITED,B01525,101000
2026-03-26,00002,CLP HOLDINGS LIMITED,B01585,101000
2026-03-26,00002,CLP HOLDINGS LIMITED,B01438,99000
2026-03-26,00002,CLP HOLDINGS LIMITED,B01555,98118
2026-03-26,00002,CLP HOLDINGS LIMITED,B01615,94837
2026-03-26,00002,CLP HOLDINGS LIMITED,B01519,94580
2026-03-26,00002,CLP HOLDINGS LIMITED,B01581,92500
2026-03-26,00002,CLP HOLDINGS LIMITED,B02195,91180
2026-03-26,00002,CLP HOLDINGS LIMITED,B01347,90068
2026-03-26,00002,CLP HOLDINGS LIMITED,B01343,88600
2026-03-26,00002,CLP HOLDINGS LIMITED,B01894,88500
2026-03-26,00002,CLP HOLDINGS LIMITED,B01340,81556
2026-03-26,00002,CLP HOLDINGS LIMITED,B01696,80191
2026-03-26,00002,CLP HOLDINGS LIMITED,B01481,80000
2026-03-26,00002,CLP HOLDINGS LIMITED,B01328,79952
2026-03-26,00002,CLP HOLDINGS LIMITED,B01158,77500
2026-03-26,00002,CLP HOLDINGS LIMITED,B01900,76740
2026-03-26,00002,CLP HOLDINGS LIMITED,B01938,76502
2026-03-26,00002,CLP HOLDINGS LIMITED,B01767,76500
2026-03-26,00002,CLP HOLDINGS LIMITED,B01833,75000
2026-03-26,00002,CLP HOLDINGS LIMITED,B01686,74987
2026-03-26,00002,CLP HOLDINGS LIMITED,B01809,74610
2026-03-26,00002,CLP HOLDINGS LIMITED,B02159,74537
2026-03-26,00002,CLP HOLDINGS LIMITED,B01947,74443
2026-03-26,00002,CLP HOLDINGS LIMITED,B01141,68300
2026-03-26,00002,CLP HOLDINGS LIMITED,B01511,64942
2026-03-26,00002,CLP HOLDINGS LIMITED,B01645,61800
2026-03-26,00002,CLP HOLDINGS LIMITED,B01769,61680
2026-03-26,00002,CLP HOLDINGS LIMITED,B01514,59839
2026-03-26,00002,CLP HOLDINGS LIMITED,B01256,59400
2026-03-26,00002,CLP HOLDINGS LIMITED,B01782,59000
2026-03-26,00002,CLP HOLDINGS LIMITED,B01351,57060
2026-03-26,00002,CLP HOLDINGS LIMITED,B01523,48517
2026-03-26,00002,CLP HOLDINGS LIMITED,B02206,47000
2026-03-26,00002,CLP HOLDINGS LIMITED,B01858,44095
2026-03-26,00002,CLP HOLDINGS LIMITED,B02116,43500
2026-03-26,00002,CLP HOLDINGS LIMITED,B01777,43467
2026-03-26,00002,CLP HOLDINGS LIMITED,B01294,42200
2026-03-26,00002,CLP HOLDINGS LIMITED,B01445,42120
2026-03-26,00002,CLP HOLDINGS LIMITED,B01253,42100
2026-03-26,00002,CLP HOLDINGS LIMITED,B02065,41000
2026-03-26,00002,CLP HOLDINGS LIMITED,B01849,39320
2026-03-26,00002,CLP HOLDINGS LIMITED,B02180,39000
2026-03-26,00002,CLP HOLDINGS LIMITED,B01832,38500
2026-03-26,00002,CLP HOLDINGS LIMITED,B01277,37600
2026-03-26,00002,CLP HOLDINGS LIMITED,B01509,37000
2026-03-26,00002,CLP HOLDINGS LIMITED,B01789,36660
2026-03-26,00002,CLP HOLDINGS LIMITED,B01814,34000
2026-03-26,00002,CLP HOLDINGS LIMITED,B01577,32600
2026-03-26,00002,CLP HOLDINGS LIMITED,B01666,32100
2026-03-26,00002,CLP HOLDINGS LIMITED,B01756,31000
2026-03-26,00002,CLP HOLDINGS LIMITED,B01653,30750
2026-03-26,00002,CLP HOLDINGS LIMITED,B01665,30700
2026-03-26,00002,CLP HOLDINGS LIMITED,B01563,30410
2026-03-26,00002,CLP HOLDINGS LIMITED,B01455,29540
2026-03-26,00002,CLP HOLDINGS LIMITED,B01784,29240
2026-03-26,00002,CLP HOLDINGS LIMITED,B01310,29000
2026-03-26,00002,CLP HOLDINGS LIMITED,B02035,29000
2026-03-26,00002,CLP HOLDINGS LIMITED,B01825,28000
2026-03-26,00002,CLP HOLDINGS LIMITED,B01853,27500
2026-03-26,00002,CLP HOLDINGS LIMITED,B01458,27300
2026-03-26,00002,CLP HOLDINGS LIMITED,B01700,26000
2026-03-26,00002,CLP HOLDINGS LIMITED,B01745,25444
2026-03-26,00002,CLP HOLDINGS LIMITED,B01213,25200
2026-03-26,00002,CLP HOLDINGS LIMITED,B02028,25166
2026-03-26,00002,CLP HOLDINGS LIMITED,B01821,25000
2026-03-26,00002,CLP HOLDINGS LIMITED,B01416,22982
2026-03-26,00002,CLP HOLDINGS LIMITED,B01444,22300
2026-03-26,00002,CLP HOLDINGS LIMITED,B02163,21000
2026-03-26,00002,CLP HOLDINGS LIMITED,B01866,19000
2026-03-26,00002,CLP HOLDINGS LIMITED,B01685,18500
2026-03-26,00002,CLP HOLDINGS LIMITED,B01401,18000
2026-03-26,00002,CLP HOLDINGS LIMITED,B01427,16500
2026-03-26,00002,CLP HOLDINGS LIMITED,B01341,15000
2026-03-26,00002,CLP HOLDINGS LIMITED,B01389,15000
2026-03-26,00002,CLP HOLDINGS LIMITED,B01863,15000
2026-03-26,00002,CLP HOLDINGS LIMITED,B01290,14471
2026-03-26,00002,CLP HOLDINGS LIMITED,B01915,14374
2026-03-26,00002,CLP HOLDINGS LIMITED,B01654,13171
2026-03-26,00002,CLP HOLDINGS LIMITED,B01630,13000
2026-03-26,00002,CLP HOLDINGS LIMITED,B02123,13000
2026-03-26,00002,CLP HOLDINGS LIMITED,B02093,12720
2026-03-26,00002,CLP HOLDINGS LIMITED,B01469,12500
2026-03-26,00002,CLP HOLDINGS LIMITED,B01292,12000
2026-03-26,00002,CLP HOLDINGS LIMITED,B01664,12000
2026-03-26,00002,CLP HOLDINGS LIMITED,B01669,11000
2026-03-26,00002,CLP HOLDINGS LIMITED,B01743,11000
2026-03-26,00002,CLP HOLDINGS LIMITED,B02047,11000
2026-03-26,00002,CLP HOLDINGS LIMITED,B02031,10500
2026-03-26,00002,CLP HOLDINGS LIMITED,B02141,10500
2026-03-26,00002,CLP HOLDINGS LIMITED,B01974,10195
2026-03-26,00002,CLP HOLDINGS LIMITED,B01773,10000
2026-03-26,00002,CLP HOLDINGS LIMITED,B01963,10000
2026-03-26,00002,CLP HOLDINGS LIMITED,B01848,9500
2026-03-26,00002,CLP HOLDINGS LIMITED,B01181,9000
2026-03-26,00002,CLP HOLDINGS LIMITED,B01231,8500
2026-03-26,00002,CLP HOLDINGS LIMITED,B01751,8480
2026-03-26,00002,CLP HOLDINGS LIMITED,B01386,8246
2026-03-26,00002,CLP HOLDINGS LIMITED,B01967,7796
2026-03-26,00002,CLP HOLDINGS LIMITED,B01246,7200
2026-03-26,00002,CLP HOLDINGS LIMITED,B01720,7000
2026-03-26,00002,CLP HOLDINGS LIMITED,B01959,7000
2026-03-26,00002,CLP HOLDINGS LIMITED,B01684,6806
2026-03-26,00002,CLP HOLDINGS LIMITED,B01714,6485
2026-03-26,00002,CLP HOLDINGS LIMITED,B01810,6000
2026-03-26,00002,CLP HOLDINGS LIMITED,B01659,5400
2026-03-26,00002,CLP HOLDINGS LIMITED,B01680,5236
2026-03-26,00002,CLP HOLDINGS LIMITED,B01794,5047
2026-03-26,00002,CLP HOLDINGS LIMITED,B01705,5000
2026-03-26,00002,CLP HOLDINGS LIMITED,B01857,5000
2026-03-26,00002,CLP HOLDINGS LIMITED,B01936,5000
2026-03-26,00002,CLP HOLDINGS LIMITED,B02032,5000
2026-03-26,00002,CLP HOLDINGS LIMITED,B02042,5000
2026-03-26,00002,CLP HOLDINGS LIMITED,B02073,5000
2026-03-26,00002,CLP HOLDINGS LIMITED,B01661,4000
2026-03-26,00002,CLP HOLDINGS LIMITED,B01753,4000
2026-03-26,00002,CLP HOLDINGS LIMITED,B02166,4000
2026-03-26,00002,CLP HOLDINGS LIMITED,B02176,4000
2026-03-26,00002,CLP HOLDINGS LIMITED,B01710,3893
2026-03-26,00002,CLP HOLDINGS LIMITED,B01454,3500
2026-03-26,00002,CLP HOLDINGS LIMITED,B01716,3500
2026-03-26,00002,CLP HOLDINGS LIMITED,B01919,3500
2026-03-26,00002,CLP HOLDINGS LIMITED,B02085,3500
2026-03-26,00002,CLP HOLDINGS LIMITED,B01925,3200
2026-03-26,00002,CLP HOLDINGS LIMITED,B02112,3000
2026-03-26,00002,CLP HOLDINGS LIMITED,B01601,2700
2026-03-26,00002,CLP HOLDINGS LIMITED,B01885,2500
2026-03-26,00002,CLP HOLDINGS LIMITED,B01080,2000
2026-03-26,00002,CLP HOLDINGS LIMITED,B01980,2000
2026-03-26,00002,CLP HOLDINGS LIMITED,B02052,2000
2026-03-26,00002,CLP HOLDINGS LIMITED,B02120,2000
2026-03-26,00002,CLP HOLDINGS LIMITED,B02128,2000
2026-03-26,00002,CLP HOLDINGS LIMITED,B02096,1799
2026-03-26,00002,CLP HOLDINGS LIMITED,B01527,1500
2026-03-26,00002,CLP HOLDINGS LIMITED,B01627,1500
2026-03-26,00002,CLP HOLDINGS LIMITED,B01754,1500
2026-03-26,00002,CLP HOLDINGS LIMITED,B01852,1500
2026-03-26,00002,CLP HOLDINGS LIMITED,B01907,1500
2026-03-26,00002,CLP HOLDINGS LIMITED,B01986,1500
2026-03-26,00002,CLP HOLDINGS LIMITED,B02063,1500
2026-03-26,00002,CLP HOLDINGS LIMITED,B02075,1500
2026-03-26,00002,CLP HOLDINGS LIMITED,B02212,1500
2026-03-26,00002,CLP HOLDINGS LIMITED,B01375,1200
2026-03-26,00002,CLP HOLDINGS LIMITED,B01641,1200
2026-03-26,00002,CLP HOLDINGS LIMITED,B01741,1200
2026-03-26,00002,CLP HOLDINGS LIMITED,B01320,1000
2026-03-26,00002,CLP HOLDINGS LIMITED,B01407,1000
2026-03-26,00002,CLP HOLDINGS LIMITED,B01575,1000
2026-03-26,00002,CLP HOLDINGS LIMITED,B01816,1000
2026-03-26,00002,CLP HOLDINGS LIMITED,B02077,1000
2026-03-26,00002,CLP HOLDINGS LIMITED,B02078,1000
2026-03-26,00002,CLP HOLDINGS LIMITED,B02125,1000
2026-03-26,00002,CLP HOLDINGS LIMITED,B01318,500
2026-03-26,00002,CLP HOLDINGS LIMITED,B01538,500
2026-03-26,00002,CLP HOLDINGS LIMITED,B01660,500
2026-03-26,00002,CLP HOLDINGS LIMITED,B01670,500
2026-03-26,00002,CLP HOLDINGS LIMITED,B01694,500
2026-03-26,00002,CLP HOLDINGS LIMITED,B01868,500
2026-03-26,00002,CLP HOLDINGS LIMITED,B01875,500
2026-03-26,00002,CLP HOLDINGS LIMITED,B01922,500
2026-03-26,00002,CLP HOLDINGS LIMITED,B01998,500
2026-03-26,00002,CLP HOLDINGS LIMITED,B02068,500
2026-03-26,00002,CLP HOLDINGS LIMITED,B02210,500
2026-03-26,00002,CLP HOLDINGS LIMITED,B01830,328
2026-03-26,00002,CLP HOLDINGS LIMITED,B01240,257
2026-03-26,00003,"HONG KONG AND CHINA GAS COMPANY LIMITED, THE",B01284,219431973
2026-03-26,00003,"HONG KONG AND CHINA GAS COMPANY LIMITED, THE",B01161,171095001
2026-03-26,00003,"HONG KONG AND CHINA GAS COMPANY LIMITED, THE",B01089,106010040
2026-03-26,00003,"HONG KONG AND CHINA GAS COMPANY LIMITED, THE",B01552,80413605
2026-03-26,00003,"HONG KONG AND CHINA GAS COMPANY LIMITED, THE",B01695,60109238
2026-03-26,00003,"HONG KONG AND CHINA GAS COMPANY LIMITED, THE",B01183,59713216
2026-03-26,00003,"HONG KONG AND CHINA GAS COMPANY LIMITED, THE",B01118,58848335
2026-03-26,00003,"HONG KONG AND CHINA GAS COMPANY LIMITED, THE",B01955,49959472
2026-03-26,00003,"HONG KONG AND CHINA GAS COMPANY LIMITED, THE",B01727,48643126
2026-03-26,00003,"HONG KONG AND CHINA GAS COMPANY LIMITED, THE",B01130,47054900
2026-03-26,00003,"HONG KONG AND CHINA GAS COMPANY LIMITED, THE",B01668,39957450
2026-03-26,00003,"HONG KONG AND CHINA GAS COMPANY LIMITED, THE",B01423,35709577
2026-03-26,00003,"HONG KONG AND CHINA GAS COMPANY LIMITED, THE",B01138,31208977
2026-03-26,00003,"HONG KONG AND CHINA GAS COMPANY LIMITED, THE",B01565,26279365
2026-03-26,00003,"HONG KONG AND CHINA GAS COMPANY LIMITED, THE",B01353,26220181
2026-03-26,00003,"HONG KONG AND CHINA GAS COMPANY LIMITED, THE",B01826,25918625
2026-03-26,00003,"HONG KONG AND CHINA GAS COMPANY LIMITED, THE",B01086,25872733
2026-03-26,00003,"HONG KONG AND CHINA GAS COMPANY LIMITED, THE",B01576,25104840
2026-03-26,00003,"HONG KONG AND CHINA GAS COMPANY LIMITED, THE",B01584,19069781
2026-03-26,00003,"HONG KONG AND CHINA GAS COMPANY LIMITED, THE",B01345,18145809
2026-03-26,00003,"HONG KONG AND CHINA GAS COMPANY LIMITED, THE",B01590,16981389
2026-03-26,00003,"HONG KONG AND CHINA GAS COMPANY LIMITED, THE",B01451,14917541
2026-03-26,00003,"HONG KONG AND CHINA GAS COMPANY LIMITED, THE",B01373,13680152
2026-03-26,00003,"HONG KONG AND CHINA GAS COMPANY LIMITED, THE",B01610,12831113
2026-03-26,00003,"HONG KONG AND CHINA GAS COMPANY LIMITED, THE",B01224,12815817
2026-03-26,00003,"HONG KONG AND CHINA GAS COMPANY LIMITED, THE",B01274,12473369
2026-03-26,00003,"HONG KONG AND CHINA GAS COMPANY LIMITED, THE",B01497,11463914
2026-03-26,00003,"HONG KONG AND CHINA GAS COMPANY LIMITED, THE",B01623,9406941
2026-03-26,00003,"HONG KONG AND CHINA GAS COMPANY LIMITED, THE",B01272,8262414
2026-03-26,00003,"HONG KONG AND CHINA GAS COMPANY LIMITED, THE",B01228,6968740
2026-03-26,00003,"HONG KONG AND CHINA GAS COMPANY LIMITED, THE",B01673,6893856
2026-03-26,00003,"HONG KONG AND CHINA GAS COMPANY LIMITED, THE",B01143,6293102
2026-03-26,00003,"HONG KONG AND CHINA GAS COMPANY LIMITED, THE",B01842,5759638
2026-03-26,00003,"HONG KONG AND CHINA GAS COMPANY LIMITED, THE",B01115,5734574
2026-03-26,00003,"HONG KONG AND CHINA GAS COMPANY LIMITED, THE",B01275,5172236
2026-03-26,00003,"HONG KONG AND CHINA GAS COMPANY LIMITED, THE",B01169,5086285
2026-03-26,00003,"HONG KONG AND CHINA GAS COMPANY LIMITED, THE",B01686,4318760
2026-03-26,00003,"HONG KONG AND CHINA GAS COMPANY LIMITED, THE",B01556,4261167
2026-03-26,00003,"HONG KONG AND CHINA GAS COMPANY LIMITED, THE",B01787,3876471
2026-03-26,00003,"HONG KONG AND CHINA GAS COMPANY LIMITED, THE",B01298,3716740
2026-03-26,00003,"HONG KONG AND CHINA GAS COMPANY LIMITED, THE",B01209,3397454
2026-03-26,00003,"HONG KONG AND CHINA GAS COMPANY LIMITED, THE",B01356,3337573
2026-03-26,00003,"HONG KONG AND CHINA GAS COMPANY LIMITED, THE",B01413,3173324
2026-03-26,00003,"HONG KONG AND CHINA GAS COMPANY LIMITED, THE",B01123,3089060
2026-03-26,00003,"HONG KONG AND CHINA GAS COMPANY LIMITED, THE",B01338,3060303
2026-03-26,00003,"HONG KONG AND CHINA GAS COMPANY LIMITED, THE",B01264,3058037
2026-03-26,00003,"HONG KONG AND CHINA GAS COMPANY LIMITED, THE",B01425,3025389
2026-03-26,00003,"HONG KONG AND CHINA GAS COMPANY LIMITED, THE",B01252,2787831
2026-03-26,00003,"HONG KONG AND CHINA GAS COMPANY LIMITED, THE",B01271,2714353
2026-03-26,00003,"HONG KONG AND CHINA GAS COMPANY LIMITED, THE",B01148,2547334
2026-03-26,00003,"HONG KONG AND CHINA GAS COMPANY LIMITED, THE",B01564,2491780
2026-03-26,00003,"HONG KONG AND CHINA GAS COMPANY LIMITED, THE",B01450,2464201
2026-03-26,00003,"HONG KONG AND CHINA GAS COMPANY LIMITED, THE",B01119,2395528
2026-03-26,00003,"HONG KONG AND CHINA GAS COMPANY LIMITED, THE",B01929,2357950
2026-03-26,00003,"HONG KONG AND CHINA GAS COMPANY LIMITED, THE",B01289,2344392
2026-03-26,00003,"HONG KONG AND CHINA GAS COMPANY LIMITED, THE",B01555,2167736
2026-03-26,00003,"HONG KONG AND CHINA GAS COMPANY LIMITED, THE",B01265,2093646
2026-03-26,00003,"HONG KONG AND CHINA GAS COMPANY LIMITED, THE",B01433,2043821
2026-03-26,00003,"HONG KONG AND CHINA GAS COMPANY LIMITED, THE",B01649,1992006
2026-03-26,00003,"HONG KONG AND CHINA GAS COMPANY LIMITED, THE",B01546,1970828
2026-03-26,00003,"HONG KONG AND CHINA GAS COMPANY LIMITED, THE",B01198,1958197
2026-03-26,00003,"HONG KONG AND CHINA GAS COMPANY LIMITED, THE",B01783,1812752
2026-03-26,00003,"HONG KONG AND CHINA GAS COMPANY LIMITED, THE",B01511,1756875
2026-03-26,00003,"HONG KONG AND CHINA GAS COMPANY LIMITED, THE",B01567,1717346
2026-03-26,00003,"HONG KONG AND CHINA GAS COMPANY LIMITED, THE",B01324,1638089
2026-03-26,00003,"HONG KONG AND CHINA GAS COMPANY LIMITED, THE",B01129,1618302
2026-03-26,00003,"HONG KONG AND CHINA GAS COMPANY LIMITED, THE",B01813,1604753
2026-03-26,00003,"HONG KONG AND CHINA GAS COMPANY LIMITED, THE",B01158,1594917
2026-03-26,00003,"HONG KONG AND CHINA GAS COMPANY LIMITED, THE",B01904,1551158
2026-03-26,00003,"HONG KONG AND CHINA GAS COMPANY LIMITED, THE",B01858,1537333
2026-03-26,00003,"HONG KONG AND CHINA GAS COMPANY LIMITED, THE",B01439,1526910
2026-03-26,00003,"HONG KONG AND CHINA GAS COMPANY LIMITED, THE",B01974,1473774
2026-03-26,00003,"HONG KONG AND CHINA GAS COMPANY LIMITED, THE",B01947,1447728
2026-03-26,00003,"HONG KONG AND CHINA GAS COMPANY LIMITED, THE",B01901,1415092
2026-03-26,00003,"HONG KONG AND CHINA GAS COMPANY LIMITED, THE",B01939,1411127
2026-03-26,00003,"HONG KONG AND CHINA GAS COMPANY LIMITED, THE",B02132,1383981
2026-03-26,00003,"HONG KONG AND CHINA GAS COMPANY LIMITED, THE",B01905,1342912
2026-03-26,00003,"HONG KONG AND CHINA GAS COMPANY LIMITED, THE",B01829,1318690
2026-03-26,00003,"HONG KONG AND CHINA GAS COMPANY LIMITED, THE",B01438,1305798
2026-03-26,00003,"HONG KONG AND CHINA GAS COMPANY LIMITED, THE",B01585,1286355
2026-03-26,00003,"HONG KONG AND CHINA GAS COMPANY LIMITED, THE",B01759,1208209
2026-03-26,00003,"HONG KONG AND CHINA GAS COMPANY LIMITED, THE",B01267,1165375
2026-03-26,00003,"HONG KONG AND CHINA GAS COMPANY LIMITED, THE",B01676,1164096
2026-03-26,00003,"HONG KONG AND CHINA GAS COMPANY LIMITED, THE",B01588,1163402
2026-03-26,00003,"HONG KONG AND CHINA GAS COMPANY LIMITED, THE",B01523,1155378
2026-03-26,00003,"HONG KONG AND CHINA GAS COMPANY LIMITED, THE",B01843,1155062
2026-03-26,00003,"HONG KONG AND CHINA GAS COMPANY LIMITED, THE",B01350,1124354
2026-03-26,00003,"HONG KONG AND CHINA GAS COMPANY LIMITED, THE",B01459,1121762
2026-03-26,00003,"HONG KONG AND CHINA GAS COMPANY LIMITED, THE",B01481,1111244
2026-03-26,00003,"HONG KONG AND CHINA GAS COMPANY LIMITED, THE",B01940,1096835
2026-03-26,00003,"HONG KONG AND CHINA GAS COMPANY LIMITED, THE",B01938,1074888
2026-03-26,00003,"HONG KONG AND CHINA GAS COMPANY LIMITED, THE",B01184,1072573
2026-03-26,00003,"HONG KONG AND CHINA GAS COMPANY LIMITED, THE",B01173,1057803
2026-03-26,00003,"HONG KONG AND CHINA GAS COMPANY LIMITED, THE",B01809,1027563
2026-03-26,00003,"HONG KONG AND CHINA GAS COMPANY LIMITED, THE",B01654,1010783
2026-03-26,00003,"HONG KONG AND CHINA GAS COMPANY LIMITED, THE",B01445,995117
2026-03-26,00003,"HONG KONG AND CHINA GAS COMPANY LIMITED, THE",B01340,989526
2026-03-26,00003,"HONG KONG AND CHINA GAS COMPANY LIMITED, THE",B01483,987829
2026-03-26,00003,"HONG KONG AND CHINA GAS COMPANY LIMITED, THE",B01705,952656
2026-03-26,00003,"HONG KONG AND CHINA GAS COMPANY LIMITED, THE",B01696,918986
2026-03-26,00003,"HONG KONG AND CHINA GAS COMPANY LIMITED, THE",B01900,891957
2026-03-26,00003,"HONG KONG AND CHINA GAS COMPANY LIMITED, THE",B01665,884234
2026-03-26,00003,"HONG KONG AND CHINA GAS COMPANY LIMITED, THE",B01788,829599
2026-03-26,00003,"HONG KONG AND CHINA GAS COMPANY LIMITED, THE",B01470,803452
2026-03-26,00003,"HONG KONG AND CHINA GAS COMPANY LIMITED, THE",B01343,792758
2026-03-26,00003,"HONG KONG AND CHINA GAS COMPANY LIMITED, THE",B01230,766323
2026-03-26,00003,"HONG KONG AND CHINA GAS COMPANY LIMITED, THE",B02175,749515
2026-03-26,00003,"HONG KONG AND CHINA GAS COMPANY LIMITED, THE",B01328,712634
2026-03-26,00003,"HONG KONG AND CHINA GAS COMPANY LIMITED, THE",B01563,711406
2026-03-26,00003,"HONG KONG AND CHINA GAS COMPANY LIMITED, THE",B02138,710000
2026-03-26,00003,"HONG KONG AND CHINA GAS COMPANY LIMITED, THE",B01213,707173
2026-03-26,00003,"HONG KONG AND CHINA GAS COMPANY LIMITED, THE",B01540,691519
2026-03-26,00003,"HONG KONG AND CHINA GAS COMPANY LIMITED, THE",B01494,671509
2026-03-26,00003,"HONG KONG AND CHINA GAS COMPANY LIMITED, THE",B01455,635151
2026-03-26,00003,"HONG KONG AND CHINA GAS COMPANY LIMITED, THE",B01769,606145
2026-03-26,00003,"HONG KONG AND CHINA GAS COMPANY LIMITED, THE",B01659,598431
2026-03-26,00003,"HONG KONG AND CHINA GAS COMPANY LIMITED, THE",B01407,581516
2026-03-26,00003,"HONG KONG AND CHINA GAS COMPANY LIMITED, THE",B01866,574990
2026-03-26,00003,"HONG KONG AND CHINA GAS COMPANY LIMITED, THE",B01514,572764
2026-03-26,00003,"HONG KONG AND CHINA GAS COMPANY LIMITED, THE",B01615,566976
2026-03-26,00003,"HONG KONG AND CHINA GAS COMPANY LIMITED, THE",B01253,564153
2026-03-26,00003,"HONG KONG AND CHINA GAS COMPANY LIMITED, THE",B01509,543505
2026-03-26,00003,"HONG KONG AND CHINA GAS COMPANY LIMITED, THE",B01789,539178
2026-03-26,00003,"HONG KONG AND CHINA GAS COMPANY LIMITED, THE",B01700,534641
2026-03-26,00003,"HONG KONG AND CHINA GAS COMPANY LIMITED, THE",B01248,505065
2026-03-26,00003,"HONG KONG AND CHINA GAS COMPANY LIMITED, THE",B02159,485190
2026-03-26,00003,"HONG KONG AND CHINA GAS COMPANY LIMITED, THE",B02177,467594
2026-03-26,00003,"HONG KONG AND CHINA GAS COMPANY LIMITED, THE",B01347,436999
2026-03-26,00003,"HONG KONG AND CHINA GAS COMPANY LIMITED, THE",B01666,434814
2026-03-26,00003,"HONG KONG AND CHINA GAS COMPANY LIMITED, THE",B01581,428094
2026-03-26,00003,"HONG KONG AND CHINA GAS COMPANY LIMITED, THE",B02142,410980
2026-03-26,00003,"HONG KONG AND CHINA GAS COMPANY LIMITED, THE",B01351,409796
2026-03-26,00003,"HONG KONG AND CHINA GAS COMPANY LIMITED, THE",B02195,407637
2026-03-26,00003,"HONG KONG AND CHINA GAS COMPANY LIMITED, THE",B01777,404765
2026-03-26,00003,"HONG KONG AND CHINA GAS COMPANY LIMITED, THE",B01767,403951
2026-03-26,00003,"HONG KONG AND CHINA GAS COMPANY LIMITED, THE",B01246,394216
2026-03-26,00003,"HONG KONG AND CHINA GAS COMPANY LIMITED, THE",B01959,381455
2026-03-26,00003,"HONG KONG AND CHINA GAS COMPANY LIMITED, THE",B01256,370961
2026-03-26,00003,"HONG KONG AND CHINA GAS COMPANY LIMITED, THE",B01962,366336
2026-03-26,00003,"HONG KONG AND CHINA GAS COMPANY LIMITED, THE",B01833,356176
2026-03-26,00003,"HONG KONG AND CHINA GAS COMPANY LIMITED, THE",B01231,355462
2026-03-26,00003,"HONG KONG AND CHINA GAS COMPANY LIMITED, THE",B01427,347583
2026-03-26,00003,"HONG KONG AND CHINA GAS COMPANY LIMITED, THE",B01294,344586
2026-03-26,00003,"HONG KONG AND CHINA GAS COMPANY LIMITED, THE",B01525,328113
2026-03-26,00003,"HONG KONG AND CHINA GAS COMPANY LIMITED, THE",B01890,304741
2026-03-26,00003,"HONG KONG AND CHINA GAS COMPANY LIMITED, THE",B01653,285906
2026-03-26,00003,"HONG KONG AND CHINA GAS COMPANY LIMITED, THE",B01401,285086
2026-03-26,00003,"HONG KONG AND CHINA GAS COMPANY LIMITED, THE",B01310,268487
2026-03-26,00003,"HONG KONG AND CHINA GAS COMPANY LIMITED, THE",B01645,266637
2026-03-26,00003,"HONG KONG AND CHINA GAS COMPANY LIMITED, THE",B01814,263271
2026-03-26,00003,"HONG KONG AND CHINA GAS COMPANY LIMITED, THE",B01897,260195
2026-03-26,00003,"HONG KONG AND CHINA GAS COMPANY LIMITED, THE",B02093,259351
2026-03-26,00003,"HONG KONG AND CHINA GAS COMPANY LIMITED, THE",B01849,253516
2026-03-26,00003,"HONG KONG AND CHINA GAS COMPANY LIMITED, THE",B01577,239158
2026-03-26,00003,"HONG KONG AND CHINA GAS COMPANY LIMITED, THE",B01988,233467
2026-03-26,00003,"HONG KONG AND CHINA GAS COMPANY LIMITED, THE",B01601,224581
2026-03-26,00003,"HONG KONG AND CHINA GAS COMPANY LIMITED, THE",B01458,218608
2026-03-26,00003,"HONG KONG AND CHINA GAS COMPANY LIMITED, THE",B01724,218468
2026-03-26,00003,"HONG KONG AND CHINA GAS COMPANY LIMITED, THE",B01669,216000
2026-03-26,00003,"HONG KONG AND CHINA GAS COMPANY LIMITED, THE",B01660,214164
2026-03-26,00003,"HONG KONG AND CHINA GAS COMPANY LIMITED, THE",B01982,212000
2026-03-26,00003,"HONG KONG AND CHINA GAS COMPANY LIMITED, THE",B01937,210198
2026-03-26,00003,"HONG KONG AND CHINA GAS COMPANY LIMITED, THE",B01416,208648
2026-03-26,00003,"HONG KONG AND CHINA GAS COMPANY LIMITED, THE",B01551,192783
2026-03-26,00003,"HONG KONG AND CHINA GAS COMPANY LIMITED, THE",B01141,189612
2026-03-26,00003,"HONG KONG AND CHINA GAS COMPANY LIMITED, THE",B01741,184908
2026-03-26,00003,"HONG KONG AND CHINA GAS COMPANY LIMITED, THE",B01941,183125
2026-03-26,00003,"HONG KONG AND CHINA GAS COMPANY LIMITED, THE",B01661,183086
2026-03-26,00003,"HONG KONG AND CHINA GAS COMPANY LIMITED, THE",B01469,174188
2026-03-26,00003,"HONG KONG AND CHINA GAS COMPANY LIMITED, THE",B01782,167919
2026-03-26,00003,"HONG KONG AND CHINA GAS COMPANY LIMITED, THE",B01986,166102
2026-03-26,00003,"HONG KONG AND CHINA GAS COMPANY LIMITED, THE",B01762,152473
2026-03-26,00003,"HONG KONG AND CHINA GAS COMPANY LIMITED, THE",B02085,137870
2026-03-26,00003,"HONG KONG AND CHINA GAS COMPANY LIMITED, THE",B01857,136828
2026-03-26,00003,"HONG KONG AND CHINA GAS COMPANY LIMITED, THE",B01389,135967
2026-03-26,00003,"HONG KONG AND CHINA GAS COMPANY LIMITED, THE",B01919,133722
2026-03-26,00003,"HONG KONG AND CHINA GAS COMPANY LIMITED, THE",B01240,131739
2026-03-26,00003,"HONG KONG AND CHINA GAS COMPANY LIMITED, THE",B02116,128128
2026-03-26,00003,"HONG KONG AND CHINA GAS COMPANY LIMITED, THE",B01830,124831
2026-03-26,00003,"HONG KONG AND CHINA GAS COMPANY LIMITED, THE",B01386,123348
2026-03-26,00003,"HONG KONG AND CHINA GAS COMPANY LIMITED, THE",B01885,122152
2026-03-26,00003,"HONG KONG AND CHINA GAS COMPANY LIMITED, THE",B01745,119431
2026-03-26,00003,"HONG KONG AND CHINA GAS COMPANY LIMITED, THE",B01714,115492
2026-03-26,00003,"HONG KONG AND CHINA GAS COMPANY LIMITED, THE",B02078,112041
2026-03-26,00003,"HONG KONG AND CHINA GAS COMPANY LIMITED, THE",B01784,110620
2026-03-26,00003,"HONG KONG AND CHINA GAS COMPANY LIMITED, THE",B02176,110048
2026-03-26,00003,"HONG KONG AND CHINA GAS COMPANY LIMITED, THE",B01519,109300
2026-03-26,00003,"HONG KONG AND CHINA GAS COMPANY LIMITED, THE",B02096,109039
2026-03-26,00003,"HONG KONG AND CHINA GAS COMPANY LIMITED, THE",B01773,107283
2026-03-26,00003,"HONG KONG AND CHINA GAS COMPANY LIMITED, THE",B01181,104201
2026-03-26,00003,"HONG KONG AND CHINA GAS COMPANY LIMITED, THE",B02181,100000
2026-03-26,00003,"HONG KONG AND CHINA GAS COMPANY LIMITED, THE",B02163,94505
2026-03-26,00003,"HONG KONG AND CHINA GAS COMPANY LIMITED, THE",B01825,93842
2026-03-26,00003,"HONG KONG AND CHINA GAS COMPANY LIMITED, THE",B01848,92782
2026-03-26,00003,"HONG KONG AND CHINA GAS COMPANY LIMITED, THE",B01963,88672
2026-03-26,00003,"HONG KONG AND CHINA GAS COMPANY LIMITED, THE",B01810,84320
2026-03-26,00003,"HONG KONG AND CHINA GAS COMPANY LIMITED, THE",B01454,81277
2026-03-26,00003,"HONG KONG AND CHINA GAS COMPANY LIMITED, THE",B02075,80564
2026-03-26,00003,"HONG KONG AND CHINA GAS COMPANY LIMITED, THE",B01694,79097
2026-03-26,00003,"HONG KONG AND CHINA GAS COMPANY LIMITED, THE",B01915,77159
2026-03-26,00003,"HONG KONG AND CHINA GAS COMPANY LIMITED, THE",B01756,76499
2026-03-26,00003,"HONG KONG AND CHINA GAS COMPANY LIMITED, THE",B02028,74487
2026-03-26,00003,"HONG KONG AND CHINA GAS COMPANY LIMITED, THE",B02087,72759
2026-03-26,00003,"HONG KONG AND CHINA GAS COMPANY LIMITED, THE",B01743,72277
2026-03-26,00003,"HONG KONG AND CHINA GAS COMPANY LIMITED, THE",B01716,69345
2026-03-26,00003,"HONG KONG AND CHINA GAS COMPANY LIMITED, THE",B01720,67737
2026-03-26,00003,"HONG KONG AND CHINA GAS COMPANY LIMITED, THE",B01680,65336
2026-03-26,00003,"HONG KONG AND CHINA GAS COMPANY LIMITED, THE",B02112,65025
2026-03-26,00003,"HONG KONG AND CHINA GAS COMPANY LIMITED, THE",B02047,64650
2026-03-26,00003,"HONG KONG AND CHINA GAS COMPANY LIMITED, THE",B01292,64434
2026-03-26,00003,"HONG KONG AND CHINA GAS COMPANY LIMITED, THE",B01894,61300
2026-03-26,00003,"HONG KONG AND CHINA GAS COMPANY LIMITED, THE",B01964,61272
2026-03-26,00003,"HONG KONG AND CHINA GAS COMPANY LIMITED, THE",B02171,60000
2026-03-26,00003,"HONG KONG AND CHINA GAS COMPANY LIMITED, THE",B01341,59094
2026-03-26,00003,"HONG KONG AND CHINA GAS COMPANY LIMITED, THE",B02032,57817
2026-03-26,00003,"HONG KONG AND CHINA GAS COMPANY LIMITED, THE",B01868,57269
2026-03-26,00003,"HONG KONG AND CHINA GAS COMPANY LIMITED, THE",B01685,55014
2026-03-26,00003,"HONG KONG AND CHINA GAS COMPANY LIMITED, THE",B01925,54552
2026-03-26,00003,"HONG KONG AND CHINA GAS COMPANY LIMITED, THE",B01444,54450
2026-03-26,00003,"HONG KONG AND CHINA GAS COMPANY LIMITED, THE",B01794,54366
2026-03-26,00003,"HONG KONG AND CHINA GAS COMPANY LIMITED, THE",B02151,50000
2026-03-26,00003,"HONG KONG AND CHINA GAS COMPANY LIMITED, THE",B01967,47922
2026-03-26,00003,"HONG KONG AND CHINA GAS COMPANY LIMITED, THE",B01505,45000
2026-03-26,00003,"HONG KONG AND CHINA GAS COMPANY LIMITED, THE",B01930,44993
2026-03-26,00003,"HONG KONG AND CHINA GAS COMPANY LIMITED, THE",B02102,44000
2026-03-26,00003,"HONG KONG AND CHINA GAS COMPANY LIMITED, THE",B02156,43512
2026-03-26,00003,"HONG KONG AND CHINA GAS COMPANY LIMITED, THE",B02035,42997
2026-03-26,00003,"HONG KONG AND CHINA GAS COMPANY LIMITED, THE",B01755,42396
2026-03-26,00003,"HONG KONG AND CHINA GAS COMPANY LIMITED, THE",B01375,41970
2026-03-26,00003,"HONG KONG AND CHINA GAS COMPANY LIMITED, THE",B01710,41080
2026-03-26,00003,"HONG KONG AND CHINA GAS COMPANY LIMITED, THE",B01753,40363
2026-03-26,00003,"HONG KONG AND CHINA GAS COMPANY LIMITED, THE",B01571,40000
2026-03-26,00003,"HONG KONG AND CHINA GAS COMPANY LIMITED, THE",B02120,39343
2026-03-26,00003,"HONG KONG AND CHINA GAS COMPANY LIMITED, THE",B01751,35400
2026-03-26,00003,"HONG KONG AND CHINA GAS COMPANY LIMITED, THE",B02068,33075
2026-03-26,00003,"HONG KONG AND CHINA GAS COMPANY LIMITED, THE",B01863,31537
2026-03-26,00003,"HONG KONG AND CHINA GAS COMPANY LIMITED, THE",B02065,31000
2026-03-26,00003,"HONG KONG AND CHINA GAS COMPANY LIMITED, THE",B01510,28269
2026-03-26,00003,"HONG KONG AND CHINA GAS COMPANY LIMITED, THE",B01980,28000
2026-03-26,00003,"HONG KONG AND CHINA GAS COMPANY LIMITED, THE",B01922,27432
2026-03-26,00003,"HONG KONG AND CHINA GAS COMPANY LIMITED, THE",B01580,25412
2026-03-26,00003,"HONG KONG AND CHINA GAS COMPANY LIMITED, THE",B01677,24213
2026-03-26,00003,"HONG KONG AND CHINA GAS COMPANY LIMITED, THE",B02145,24000
2026-03-26,00003,"HONG KONG AND CHINA GAS COMPANY LIMITED, THE",B01821,23883
2026-03-26,00003,"HONG KONG AND CHINA GAS COMPANY LIMITED, THE",B01527,22805
2026-03-26,00003,"HONG KONG AND CHINA GAS COMPANY LIMITED, THE",B02045,22050
2026-03-26,00003,"HONG KONG AND CHINA GAS COMPANY LIMITED, THE",B02031,21277
2026-03-26,00003,"HONG KONG AND CHINA GAS COMPANY LIMITED, THE",B01853,21000
2026-03-26,00003,"HONG KONG AND CHINA GAS COMPANY LIMITED, THE",B01920,20500
2026-03-26,00003,"HONG KONG AND CHINA GAS COMPANY LIMITED, THE",B02108,20000
2026-03-26,00003,"HONG KONG AND CHINA GAS COMPANY LIMITED, THE",B02067,19127
2026-03-26,00003,"HONG KONG AND CHINA GAS COMPANY LIMITED, THE",B01906,18235
2026-03-26,00003,"HONG KONG AND CHINA GAS COMPANY LIMITED, THE",B01538,18000
2026-03-26,00003,"HONG KONG AND CHINA GAS COMPANY LIMITED, THE",B01277,16571
2026-03-26,00003,"HONG KONG AND CHINA GAS COMPANY LIMITED, THE",B01995,16000
2026-03-26,00003,"HONG KONG AND CHINA GAS COMPANY LIMITED, THE",B01957,15727
2026-03-26,00003,"HONG KONG AND CHINA GAS COMPANY LIMITED, THE",B01428,15723
2026-03-26,00003,"HONG KONG AND CHINA GAS COMPANY LIMITED, THE",B01907,15302
2026-03-26,00003,"HONG KONG AND CHINA GAS COMPANY LIMITED, THE",B02128,15000
2026-03-26,00003,"HONG KONG AND CHINA GAS COMPANY LIMITED, THE",B01948,13925
2026-03-26,00003,"HONG KONG AND CHINA GAS COMPANY LIMITED, THE",B01883,13825
2026-03-26,00003,"HONG KONG AND CHINA GAS COMPANY LIMITED, THE",B01936,13321
2026-03-26,00003,"HONG KONG AND CHINA GAS COMPANY LIMITED, THE",B01471,12237
2026-03-26,00003,"HONG KONG AND CHINA GAS COMPANY LIMITED, THE",B01754,11512
2026-03-26,00003,"HONG KONG AND CHINA GAS COMPANY LIMITED, THE",B02060,11025
2026-03-26,00003,"HONG KONG AND CHINA GAS COMPANY LIMITED, THE",B02117,10356
2026-03-26,00003,"HONG KONG AND CHINA GAS COMPANY LIMITED, THE",B02042,10000
2026-03-26,00003,"HONG KONG AND CHINA GAS COMPANY LIMITED, THE",B02215,10000
2026-03-26,00003,"HONG KONG AND CHINA GAS COMPANY LIMITED, THE",B01608,9835
2026-03-26,00003,"HONG KONG AND CHINA GAS COMPANY LIMITED, THE",B02180,8330
2026-03-26,00003,"HONG KONG AND CHINA GAS COMPANY LIMITED, THE",B01664,8182
2026-03-26,00003,"HONG KONG AND CHINA GAS COMPANY LIMITED, THE",B01627,8000
2026-03-26,00003,"HONG KONG AND CHINA GAS COMPANY LIMITED, THE",B02192,8000
2026-03-26,00003,"HONG KONG AND CHINA GAS COMPANY LIMITED, THE",B02056,6704
2026-03-26,00003,"HONG KONG AND CHINA GAS COMPANY LIMITED, THE",B01290,6581
2026-03-26,00003,"HONG KONG AND CHINA GAS COMPANY LIMITED, THE",B02059,6562
2026-03-26,00003,"HONG KONG AND CHINA GAS COMPANY LIMITED, THE",B02101,6030
2026-03-26,00003,"HONG KONG AND CHINA GAS COMPANY LIMITED, THE",B01816,5872
2026-03-26,00003,"HONG KONG AND CHINA GAS COMPANY LIMITED, THE",B01329,5767
2026-03-26,00003,"HONG KONG AND CHINA GAS COMPANY LIMITED, THE",B01795,5562
2026-03-26,00003,"HONG KONG AND CHINA GAS COMPANY LIMITED, THE",B02134,5374
2026-03-26,00003,"HONG KONG AND CHINA GAS COMPANY LIMITED, THE",B02077,5250
2026-03-26,00003,"HONG KONG AND CHINA GAS COMPANY LIMITED, THE",B02106,5115
2026-03-26,00003,"HONG KONG AND CHINA GAS COMPANY LIMITED, THE",B02052,5000
2026-03-26,00003,"HONG KONG AND CHINA GAS COMPANY LIMITED, THE",B01978,4000
2026-03-26,00003,"HONG KONG AND CHINA GAS COMPANY LIMITED, THE",B01568,3840
2026-03-26,00003,"HONG KONG AND CHINA GAS COMPANY LIMITED, THE",B01322,3638
2026-03-26,00003,"HONG KONG AND CHINA GAS COMPANY LIMITED, THE",B01670,3307
2026-03-26,00003,"HONG KONG AND CHINA GAS COMPANY LIMITED, THE",B02002,3000
2026-03-26,00003,"HONG KONG AND CHINA GAS COMPANY LIMITED, THE",B02092,2555
2026-03-26,00003,"HONG KONG AND CHINA GAS COMPANY LIMITED, THE",B01993,2205
2026-03-26,00003,"HONG KONG AND CHINA GAS COMPANY LIMITED, THE",B01852,2021
2026-03-26,00003,"HONG KONG AND CHINA GAS COMPANY LIMITED, THE",B02019,2000
2026-03-26,00003,"HONG KONG AND CHINA GAS COMPANY LIMITED, THE",B01973,1588
2026-03-26,00003,"HONG KONG AND CHINA GAS COMPANY LIMITED, THE",B01630,1333
2026-03-26,00003,"HONG KONG AND CHINA GAS COMPANY LIMITED, THE",B01875,1000
2026-03-26,00003,"HONG KONG AND CHINA GAS COMPANY LIMITED, THE",B02179,1000
2026-03-26,00003,"HONG KONG AND CHINA GAS COMPANY LIMITED, THE",B02193,1000
2026-03-26,00003,"HONG KONG AND CHINA GAS COMPANY LIMITED, THE",B01308,578
2026-03-26,00003,"HONG KONG AND CHINA GAS COMPANY LIMITED, THE",B02037,551
2026-03-26,00003,"HONG KONG AND CHINA GAS COMPANY LIMITED, THE",B02162,532
2026-03-26,00003,"HONG KONG AND CHINA GAS COMPANY LIMITED, THE",B01958,456
2026-03-26,00003,"HONG KONG AND CHINA GAS COMPANY LIMITED, THE",B01217,348
2026-03-26,00003,"HONG KONG AND CHINA GAS COMPANY LIMITED, THE",B01508,268
2026-03-26,00003,"HONG KONG AND CHINA GAS COMPANY LIMITED, THE",B02158,205
2026-03-26,00003,"HONG KONG AND CHINA GAS COMPANY LIMITED, THE",B01110,151
2026-03-26,00003,"HONG KONG AND CHINA GAS COMPANY LIMITED, THE",B01212,75
2026-03-26,00003,"HONG KONG AND CHINA GAS COMPANY LIMITED, THE",B01702,31
2026-03-26,00003,"HONG KONG AND CHINA GAS COMPANY LIMITED, THE",B01472,27
2026-03-26,00003,"HONG KONG AND CHINA GAS COMPANY LIMITED, THE",B01346,17
2026-03-26,00003,"HONG KONG AND CHINA GAS COMPANY LIMITED, THE",B01326,9
2026-03-26,00003,"HONG KONG AND CHINA GAS COMPANY LIMITED, THE",B01462,7
2026-03-26,00003,"HONG KONG AND CHINA GAS COMPANY LIMITED, THE",B01935,6
2026-03-26,00003,"HONG KONG AND CHINA GAS COMPANY LIMITED, THE",B01410,2
2026-03-26,00004,"WHARF (HOLDINGS) LIMITED, THE",B01274,63091073
2026-03-26,00004,"WHARF (HOLDINGS) LIMITED, THE",B01161,33349277
2026-03-26,00004,"WHARF (HOLDINGS) LIMITED, THE",B01129,5498000
2026-03-26,00004,"WHARF (HOLDINGS) LIMITED, THE",B01089,3199814
2026-03-26,00004,"WHARF (HOLDINGS) LIMITED, THE",B01345,2603936
2026-03-26,00004,"WHARF (HOLDINGS) LIMITED, THE",B01695,2503586
2026-03-26,00004,"WHARF (HOLDINGS) LIMITED, THE",B01353,1419109
2026-03-26,00004,"WHARF (HOLDINGS) LIMITED, THE",B01224,1164794
2026-03-26,00004,"WHARF (HOLDINGS) LIMITED, THE",B01118,1057302
2026-03-26,00004,"WHARF (HOLDINGS) LIMITED, THE",B01451,966466
2026-03-26,00004,"WHARF (HOLDINGS) LIMITED, THE",B01130,916154
2026-03-26,00004,"WHARF (HOLDINGS) LIMITED, THE",B01668,872834
2026-03-26,00004,"WHARF (HOLDINGS) LIMITED, THE",B01246,640000
2026-03-26,00004,"WHARF (HOLDINGS) LIMITED, THE",B01086,634077
2026-03-26,00004,"WHARF (HOLDINGS) LIMITED, THE",B01955,493351
2026-03-26,00004,"WHARF (HOLDINGS) LIMITED, THE",B01183,492369
2026-03-26,00004,"WHARF (HOLDINGS) LIMITED, THE",B01272,427140
2026-03-26,00004,"WHARF (HOLDINGS) LIMITED, THE",B01905,413143
2026-03-26,00004,"WHARF (HOLDINGS) LIMITED, THE",B01494,403185
2026-03-26,00004,"WHARF (HOLDINGS) LIMITED, THE",B01610,391729
2026-03-26,00004,"WHARF (HOLDINGS) LIMITED, THE",B01727,346969
2026-03-26,00004,"WHARF (HOLDINGS) LIMITED, THE",B01584,285792
2026-03-26,00004,"WHARF (HOLDINGS) LIMITED, THE",B01787,268378
2026-03-26,00004,"WHARF (HOLDINGS) LIMITED, THE",B01284,258478
2026-03-26,00004,"WHARF (HOLDINGS) LIMITED, THE",B01169,248116
2026-03-26,00004,"WHARF (HOLDINGS) LIMITED, THE",B01425,245822
2026-03-26,00004,"WHARF (HOLDINGS) LIMITED, THE",B01710,231665
2026-03-26,00004,"WHARF (HOLDINGS) LIMITED, THE",B01590,215433
2026-03-26,00004,"WHARF (HOLDINGS) LIMITED, THE",B01497,206555
2026-03-26,00004,"WHARF (HOLDINGS) LIMITED, THE",B01649,200141
2026-03-26,00004,"WHARF (HOLDINGS) LIMITED, THE",B01481,179359
2026-03-26,00004,"WHARF (HOLDINGS) LIMITED, THE",B01115,163166
2026-03-26,00004,"WHARF (HOLDINGS) LIMITED, THE",B01209,143917
2026-03-26,00004,"WHARF (HOLDINGS) LIMITED, THE",B01265,141696
2026-03-26,00004,"WHARF (HOLDINGS) LIMITED, THE",B01929,136349
2026-03-26,00004,"WHARF (HOLDINGS) LIMITED, THE",B01252,119335
2026-03-26,00004,"WHARF (HOLDINGS) LIMITED, THE",B01842,110935
2026-03-26,00004,"WHARF (HOLDINGS) LIMITED, THE",B01552,106475
2026-03-26,00004,"WHARF (HOLDINGS) LIMITED, THE",B01556,106042
2026-03-26,00004,"WHARF (HOLDINGS) LIMITED, THE",B01228,104810
2026-03-26,00004,"WHARF (HOLDINGS) LIMITED, THE",B01623,102956
2026-03-26,00004,"WHARF (HOLDINGS) LIMITED, THE",B02142,102000
2026-03-26,00004,"WHARF (HOLDINGS) LIMITED, THE",B01264,96810
2026-03-26,00004,"WHARF (HOLDINGS) LIMITED, THE",B01198,84187
2026-03-26,00004,"WHARF (HOLDINGS) LIMITED, THE",B01567,81150
2026-03-26,00004,"WHARF (HOLDINGS) LIMITED, THE",B01275,80599
2026-03-26,00004,"WHARF (HOLDINGS) LIMITED, THE",B01893,80090
2026-03-26,00004,"WHARF (HOLDINGS) LIMITED, THE",B01759,70138
2026-03-26,00004,"WHARF (HOLDINGS) LIMITED, THE",B01588,65837
2026-03-26,00004,"WHARF (HOLDINGS) LIMITED, THE",B01143,65104
2026-03-26,00004,"WHARF (HOLDINGS) LIMITED, THE",B01271,63859
2026-03-26,00004,"WHARF (HOLDINGS) LIMITED, THE",B01666,61509
2026-03-26,00004,"WHARF (HOLDINGS) LIMITED, THE",B01788,60933
2026-03-26,00004,"WHARF (HOLDINGS) LIMITED, THE",B01904,58000
2026-03-26,00004,"WHARF (HOLDINGS) LIMITED, THE",B01423,54983
2026-03-26,00004,"WHARF (HOLDINGS) LIMITED, THE",B01413,52457
2026-03-26,00004,"WHARF (HOLDINGS) LIMITED, THE",B01555,52426
2026-03-26,00004,"WHARF (HOLDINGS) LIMITED, THE",B01724,52140
2026-03-26,00004,"WHARF (HOLDINGS) LIMITED, THE",B01826,51927
2026-03-26,00004,"WHARF (HOLDINGS) LIMITED, THE",B01290,49713
2026-03-26,00004,"WHARF (HOLDINGS) LIMITED, THE",B01809,49690
2026-03-26,00004,"WHARF (HOLDINGS) LIMITED, THE",B01158,47637
2026-03-26,00004,"WHARF (HOLDINGS) LIMITED, THE",B01340,40959
2026-03-26,00004,"WHARF (HOLDINGS) LIMITED, THE",B01483,40014
2026-03-26,00004,"WHARF (HOLDINGS) LIMITED, THE",B02096,39000
2026-03-26,00004,"WHARF (HOLDINGS) LIMITED, THE",B01119,37296
2026-03-26,00004,"WHARF (HOLDINGS) LIMITED, THE",B01289,35995
2026-03-26,00004,"WHARF (HOLDINGS) LIMITED, THE",B01947,34200
2026-03-26,00004,"WHARF (HOLDINGS) LIMITED, THE",B01148,33950
2026-03-26,00004,"WHARF (HOLDINGS) LIMITED, THE",B02132,31324
2026-03-26,00004,"WHARF (HOLDINGS) LIMITED, THE",B01373,29455
2026-03-26,00004,"WHARF (HOLDINGS) LIMITED, THE",B01519,29054
2026-03-26,00004,"WHARF (HOLDINGS) LIMITED, THE",B01292,29000
2026-03-26,00004,"WHARF (HOLDINGS) LIMITED, THE",B01439,28583
2026-03-26,00004,"WHARF (HOLDINGS) LIMITED, THE",B01564,28146
2026-03-26,00004,"WHARF (HOLDINGS) LIMITED, THE",B01141,27647
2026-03-26,00004,"WHARF (HOLDINGS) LIMITED, THE",B01298,27476
2026-03-26,00004,"WHARF (HOLDINGS) LIMITED, THE",B01416,27222
2026-03-26,00004,"WHARF (HOLDINGS) LIMITED, THE",B01173,25859
2026-03-26,00004,"WHARF (HOLDINGS) LIMITED, THE",B01858,25837
2026-03-26,00004,"WHARF (HOLDINGS) LIMITED, THE",B01784,24000
2026-03-26,00004,"WHARF (HOLDINGS) LIMITED, THE",B01267,23325
2026-03-26,00004,"WHARF (HOLDINGS) LIMITED, THE",B01450,23051
2026-03-26,00004,"WHARF (HOLDINGS) LIMITED, THE",B01565,22819
2026-03-26,00004,"WHARF (HOLDINGS) LIMITED, THE",B01762,21105
2026-03-26,00004,"WHARF (HOLDINGS) LIMITED, THE",B01601,21000
2026-03-26,00004,"WHARF (HOLDINGS) LIMITED, THE",B01458,20000
2026-03-26,00004,"WHARF (HOLDINGS) LIMITED, THE",B01580,20000
2026-03-26,00004,"WHARF (HOLDINGS) LIMITED, THE",B01619,20000
2026-03-26,00004,"WHARF (HOLDINGS) LIMITED, THE",B01248,19223
2026-03-26,00004,"WHARF (HOLDINGS) LIMITED, THE",B01615,18467
2026-03-26,00004,"WHARF (HOLDINGS) LIMITED, THE",B01350,18000
2026-03-26,00004,"WHARF (HOLDINGS) LIMITED, THE",B01470,17921
2026-03-26,00004,"WHARF (HOLDINGS) LIMITED, THE",B01673,17242
2026-03-26,00004,"WHARF (HOLDINGS) LIMITED, THE",B01608,17000
2026-03-26,00004,"WHARF (HOLDINGS) LIMITED, THE",B01563,16500
2026-03-26,00004,"WHARF (HOLDINGS) LIMITED, THE",B01433,16145
2026-03-26,00004,"WHARF (HOLDINGS) LIMITED, THE",B01123,16076
2026-03-26,00004,"WHARF (HOLDINGS) LIMITED, THE",B01540,16048
2026-03-26,00004,"WHARF (HOLDINGS) LIMITED, THE",B01665,14366
2026-03-26,00004,"WHARF (HOLDINGS) LIMITED, THE",B01937,14000
2026-03-26,00004,"WHARF (HOLDINGS) LIMITED, THE",B01459,13360
2026-03-26,00004,"WHARF (HOLDINGS) LIMITED, THE",B01324,13102
2026-03-26,00004,"WHARF (HOLDINGS) LIMITED, THE",B01310,13000
2026-03-26,00004,"WHARF (HOLDINGS) LIMITED, THE",B01939,12909
2026-03-26,00004,"WHARF (HOLDINGS) LIMITED, THE",B01213,12502
2026-03-26,00004,"WHARF (HOLDINGS) LIMITED, THE",B01230,12000
2026-03-26,00004,"WHARF (HOLDINGS) LIMITED, THE",B01401,11857
2026-03-26,00004,"WHARF (HOLDINGS) LIMITED, THE",B01843,11000
2026-03-26,00004,"WHARF (HOLDINGS) LIMITED, THE",B01356,10660
2026-03-26,00004,"WHARF (HOLDINGS) LIMITED, THE",B02093,10161
2026-03-26,00004,"WHARF (HOLDINGS) LIMITED, THE",B01454,10000
2026-03-26,00004,"WHARF (HOLDINGS) LIMITED, THE",B01523,10000
2026-03-26,00004,"WHARF (HOLDINGS) LIMITED, THE",B01581,10000
2026-03-26,00004,"WHARF (HOLDINGS) LIMITED, THE",B01789,10000
2026-03-26,00004,"WHARF (HOLDINGS) LIMITED, THE",B01825,10000
2026-03-26,00004,"WHARF (HOLDINGS) LIMITED, THE",B01080,9000
2026-03-26,00004,"WHARF (HOLDINGS) LIMITED, THE",B01184,9000
2026-03-26,00004,"WHARF (HOLDINGS) LIMITED, THE",B01294,9000
2026-03-26,00004,"WHARF (HOLDINGS) LIMITED, THE",B01551,8952
2026-03-26,00004,"WHARF (HOLDINGS) LIMITED, THE",B01514,8057
2026-03-26,00004,"WHARF (HOLDINGS) LIMITED, THE",B01447,8000
2026-03-26,00004,"WHARF (HOLDINGS) LIMITED, THE",B01694,8000
2026-03-26,00004,"WHARF (HOLDINGS) LIMITED, THE",B01343,7537
2026-03-26,00004,"WHARF (HOLDINGS) LIMITED, THE",B01338,7475
2026-03-26,00004,"WHARF (HOLDINGS) LIMITED, THE",B01328,7468
2026-03-26,00004,"WHARF (HOLDINGS) LIMITED, THE",B01469,7000
2026-03-26,00004,"WHARF (HOLDINGS) LIMITED, THE",B01901,6875
2026-03-26,00004,"WHARF (HOLDINGS) LIMITED, THE",B01915,6007
2026-03-26,00004,"WHARF (HOLDINGS) LIMITED, THE",B01455,6000
2026-03-26,00004,"WHARF (HOLDINGS) LIMITED, THE",B01714,6000
2026-03-26,00004,"WHARF (HOLDINGS) LIMITED, THE",B01546,5100
2026-03-26,00004,"WHARF (HOLDINGS) LIMITED, THE",B01769,5002
2026-03-26,00004,"WHARF (HOLDINGS) LIMITED, THE",B01347,5000
2026-03-26,00004,"WHARF (HOLDINGS) LIMITED, THE",B01511,5000
2026-03-26,00004,"WHARF (HOLDINGS) LIMITED, THE",B01585,5000
2026-03-26,00004,"WHARF (HOLDINGS) LIMITED, THE",B01680,5000
2026-03-26,00004,"WHARF (HOLDINGS) LIMITED, THE",B01696,5000
2026-03-26,00004,"WHARF (HOLDINGS) LIMITED, THE",B01743,5000
2026-03-26,00004,"WHARF (HOLDINGS) LIMITED, THE",B02163,4950
2026-03-26,00004,"WHARF (HOLDINGS) LIMITED, THE",B01445,4200
2026-03-26,00004,"WHARF (HOLDINGS) LIMITED, THE",B01438,4000
2026-03-26,00004,"WHARF (HOLDINGS) LIMITED, THE",B01813,4000
2026-03-26,00004,"WHARF (HOLDINGS) LIMITED, THE",B01900,4000
2026-03-26,00004,"WHARF (HOLDINGS) LIMITED, THE",B01930,4000
2026-03-26,00004,"WHARF (HOLDINGS) LIMITED, THE",B02195,4000
2026-03-26,00004,"WHARF (HOLDINGS) LIMITED, THE",B01659,3912
2026-03-26,00004,"WHARF (HOLDINGS) LIMITED, THE",B01576,3729
2026-03-26,00004,"WHARF (HOLDINGS) LIMITED, THE",B01341,3577
2026-03-26,00004,"WHARF (HOLDINGS) LIMITED, THE",B01389,3437
2026-03-26,00004,"WHARF (HOLDINGS) LIMITED, THE",B01700,3425
2026-03-26,00004,"WHARF (HOLDINGS) LIMITED, THE",B02159,3030
2026-03-26,00004,"WHARF (HOLDINGS) LIMITED, THE",B01253,3000
2026-03-26,00004,"WHARF (HOLDINGS) LIMITED, THE",B01386,3000
2026-03-26,00004,"WHARF (HOLDINGS) LIMITED, THE",B01940,3000
2026-03-26,00004,"WHARF (HOLDINGS) LIMITED, THE",B02032,3000
2026-03-26,00004,"WHARF (HOLDINGS) LIMITED, THE",B01974,2967
2026-03-26,00004,"WHARF (HOLDINGS) LIMITED, THE",B01863,2497
2026-03-26,00004,"WHARF (HOLDINGS) LIMITED, THE",B01745,2475
2026-03-26,00004,"WHARF (HOLDINGS) LIMITED, THE",B01866,2062
2026-03-26,00004,"WHARF (HOLDINGS) LIMITED, THE",B01829,2002
2026-03-26,00004,"WHARF (HOLDINGS) LIMITED, THE",B01767,2000
2026-03-26,00004,"WHARF (HOLDINGS) LIMITED, THE",B01773,2000
2026-03-26,00004,"WHARF (HOLDINGS) LIMITED, THE",B01890,2000
2026-03-26,00004,"WHARF (HOLDINGS) LIMITED, THE",B02059,2000
2026-03-26,00004,"WHARF (HOLDINGS) LIMITED, THE",B01794,1939
2026-03-26,00004,"WHARF (HOLDINGS) LIMITED, THE",B01181,1864
2026-03-26,00004,"WHARF (HOLDINGS) LIMITED, THE",B01938,1678
2026-03-26,00004,"WHARF (HOLDINGS) LIMITED, THE",B01138,1500
2026-03-26,00004,"WHARF (HOLDINGS) LIMITED, THE",B02175,1102
2026-03-26,00004,"WHARF (HOLDINGS) LIMITED, THE",B01509,1000
2026-03-26,00004,"WHARF (HOLDINGS) LIMITED, THE",B01641,1000
2026-03-26,00004,"WHARF (HOLDINGS) LIMITED, THE",B01645,1000
2026-03-26,00004,"WHARF (HOLDINGS) LIMITED, THE",B01669,1000
2026-03-26,00004,"WHARF (HOLDINGS) LIMITED, THE",B01705,1000
2026-03-26,00004,"WHARF (HOLDINGS) LIMITED, THE",B01777,1000
2026-03-26,00004,"WHARF (HOLDINGS) LIMITED, THE",B01941,1000
2026-03-26,00004,"WHARF (HOLDINGS) LIMITED, THE",B01988,1000
2026-03-26,00004,"WHARF (HOLDINGS) LIMITED, THE",B02052,1000
2026-03-26,00004,"WHARF (HOLDINGS) LIMITED, THE",B02085,1000
2026-03-26,00004,"WHARF (HOLDINGS) LIMITED, THE",B01686,137
2026-03-26,00004,"WHARF (HOLDINGS) LIMITED, THE",B01661,62
2026-03-26,00004,"WHARF (HOLDINGS) LIMITED, THE",B01240,31
2026-03-26,00004,"WHARF (HOLDINGS) LIMITED, THE",B01110,12
2026-03-26,00005,HSBC HOLDINGS PLC,B01161,214592613
2026-03-26,00005,HSBC HOLDINGS PLC,B01130,65145674
2026-03-26,00005,HSBC HOLDINGS PLC,B01353,57100103
2026-03-26,00005,HSBC HOLDINGS PLC,B01274,53024498
2026-03-26,00005,HSBC HOLDINGS PLC,B01089,45754387
2026-03-26,00005,HSBC HOLDINGS PLC,B01118,36141298
2026-03-26,00005,HSBC HOLDINGS PLC,B01451,34687376
2026-03-26,00005,HSBC HOLDINGS PLC,B01695,31720991
2026-03-26,00005,HSBC HOLDINGS PLC,B01727,28161900
2026-03-26,00005,HSBC HOLDINGS PLC,B01955,25485559
2026-03-26,00005,HSBC HOLDINGS PLC,B01183,24161384
2026-03-26,00005,HSBC HOLDINGS PLC,B01086,22014247
2026-03-26,00005,HSBC HOLDINGS PLC,B01345,20815242
2026-03-26,00005,HSBC HOLDINGS PLC,B01590,16269884
2026-03-26,00005,HSBC HOLDINGS PLC,B01668,15823763
2026-03-26,00005,HSBC HOLDINGS PLC,B01610,10803402
2026-03-26,00005,HSBC HOLDINGS PLC,B01284,8983053
2026-03-26,00005,HSBC HOLDINGS PLC,B01272,8872691
2026-03-26,00005,HSBC HOLDINGS PLC,B01623,8706288
2026-03-26,00005,HSBC HOLDINGS PLC,B01584,7959652
2026-03-26,00005,HSBC HOLDINGS PLC,B01264,5631973
2026-03-26,00005,HSBC HOLDINGS PLC,B01762,5391665
2026-03-26,00005,HSBC HOLDINGS PLC,B01497,5364200
2026-03-26,00005,HSBC HOLDINGS PLC,B01842,5201477
2026-03-26,00005,HSBC HOLDINGS PLC,B01228,5111423
2026-03-26,00005,HSBC HOLDINGS PLC,B01552,4328121
2026-03-26,00005,HSBC HOLDINGS PLC,B01423,4091656
2026-03-26,00005,HSBC HOLDINGS PLC,B01576,3845933
2026-03-26,00005,HSBC HOLDINGS PLC,B01265,3843038
2026-03-26,00005,HSBC HOLDINGS PLC,B01143,3759256
2026-03-26,00005,HSBC HOLDINGS PLC,B01347,3612490
2026-03-26,00005,HSBC HOLDINGS PLC,B01115,3595155
2026-03-26,00005,HSBC HOLDINGS PLC,B01169,3478885
2026-03-26,00005,HSBC HOLDINGS PLC,B01224,3359808
2026-03-26,00005,HSBC HOLDINGS PLC,B01673,2808905
2026-03-26,00005,HSBC HOLDINGS PLC,B01858,2807055
2026-03-26,00005,HSBC HOLDINGS PLC,B01813,2687391
2026-03-26,00005,HSBC HOLDINGS PLC,B01148,2629329
2026-03-26,00005,HSBC HOLDINGS PLC,B01338,2507638
2026-03-26,00005,HSBC HOLDINGS PLC,B01939,2303839
2026-03-26,00005,HSBC HOLDINGS PLC,B01565,2252845
2026-03-26,00005,HSBC HOLDINGS PLC,B01901,2193282
2026-03-26,00005,HSBC HOLDINGS PLC,B01439,2095340
2026-03-26,00005,HSBC HOLDINGS PLC,B01275,1983311
2026-03-26,00005,HSBC HOLDINGS PLC,B01413,1979909
2026-03-26,00005,HSBC HOLDINGS PLC,B01556,1969817
2026-03-26,00005,HSBC HOLDINGS PLC,B02132,1873381
2026-03-26,00005,HSBC HOLDINGS PLC,B01724,1853554
2026-03-26,00005,HSBC HOLDINGS PLC,B01129,1848051
2026-03-26,00005,HSBC HOLDINGS PLC,B01298,1705997
2026-03-26,00005,HSBC HOLDINGS PLC,B01119,1684197
2026-03-26,00005,HSBC HOLDINGS PLC,B01581,1666400
2026-03-26,00005,HSBC HOLDINGS PLC,B01198,1663785
2026-03-26,00005,HSBC HOLDINGS PLC,B01289,1634031
2026-03-26,00005,HSBC HOLDINGS PLC,B01425,1587928
2026-03-26,00005,HSBC HOLDINGS PLC,B01252,1544712
2026-03-26,00005,HSBC HOLDINGS PLC,B01356,1438561
2026-03-26,00005,HSBC HOLDINGS PLC,B01373,1420867
2026-03-26,00005,HSBC HOLDINGS PLC,B01209,1395273
2026-03-26,00005,HSBC HOLDINGS PLC,B01649,1366948
2026-03-26,00005,HSBC HOLDINGS PLC,B01929,1360343
2026-03-26,00005,HSBC HOLDINGS PLC,B01123,1289324
2026-03-26,00005,HSBC HOLDINGS PLC,B01787,1233089
2026-03-26,00005,HSBC HOLDINGS PLC,B01459,1195563
2026-03-26,00005,HSBC HOLDINGS PLC,B01511,1063575
2026-03-26,00005,HSBC HOLDINGS PLC,B01450,1036079
2026-03-26,00005,HSBC HOLDINGS PLC,B01564,1032931
2026-03-26,00005,HSBC HOLDINGS PLC,B01588,1029322
2026-03-26,00005,HSBC HOLDINGS PLC,B01173,1009415
2026-03-26,00005,HSBC HOLDINGS PLC,B01267,958019
2026-03-26,00005,HSBC HOLDINGS PLC,B01433,912526
2026-03-26,00005,HSBC HOLDINGS PLC,B01826,887757
2026-03-26,00005,HSBC HOLDINGS PLC,B01686,883124
2026-03-26,00005,HSBC HOLDINGS PLC,B01904,880393
2026-03-26,00005,HSBC HOLDINGS PLC,B01470,876104
2026-03-26,00005,HSBC HOLDINGS PLC,B01574,860000
2026-03-26,00005,HSBC HOLDINGS PLC,B01941,848146
2026-03-26,00005,HSBC HOLDINGS PLC,B01905,827737
2026-03-26,00005,HSBC HOLDINGS PLC,B01351,810350
2026-03-26,00005,HSBC HOLDINGS PLC,B02195,808789
2026-03-26,00005,HSBC HOLDINGS PLC,B01829,790328
2026-03-26,00005,HSBC HOLDINGS PLC,B01184,761479
2026-03-26,00005,HSBC HOLDINGS PLC,B01585,756267
2026-03-26,00005,HSBC HOLDINGS PLC,B01158,727320
2026-03-26,00005,HSBC HOLDINGS PLC,B01938,721783
2026-03-26,00005,HSBC HOLDINGS PLC,B01253,690638
2026-03-26,00005,HSBC HOLDINGS PLC,B01343,689223
2026-03-26,00005,HSBC HOLDINGS PLC,B02142,687208
2026-03-26,00005,HSBC HOLDINGS PLC,B01546,629069
2026-03-26,00005,HSBC HOLDINGS PLC,B01567,625028
2026-03-26,00005,HSBC HOLDINGS PLC,B01833,623983
2026-03-26,00005,HSBC HOLDINGS PLC,B01340,620469
2026-03-26,00005,HSBC HOLDINGS PLC,B01445,608198
2026-03-26,00005,HSBC HOLDINGS PLC,B01324,600487
2026-03-26,00005,HSBC HOLDINGS PLC,B01592,597566
2026-03-26,00005,HSBC HOLDINGS PLC,B01458,597100
2026-03-26,00005,HSBC HOLDINGS PLC,B01271,569022
2026-03-26,00005,HSBC HOLDINGS PLC,B01696,546732
2026-03-26,00005,HSBC HOLDINGS PLC,B01654,520938
2026-03-26,00005,HSBC HOLDINGS PLC,B01710,496600
2026-03-26,00005,HSBC HOLDINGS PLC,B01514,494413
2026-03-26,00005,HSBC HOLDINGS PLC,B01809,479002
2026-03-26,00005,HSBC HOLDINGS PLC,B02175,469340
2026-03-26,00005,HSBC HOLDINGS PLC,B01773,465747
2026-03-26,00005,HSBC HOLDINGS PLC,B01563,465029
2026-03-26,00005,HSBC HOLDINGS PLC,B01438,446118
2026-03-26,00005,HSBC HOLDINGS PLC,B01494,444553
2026-03-26,00005,HSBC HOLDINGS PLC,B01256,442780
2026-03-26,00005,HSBC HOLDINGS PLC,B01523,439343
2026-03-26,00005,HSBC HOLDINGS PLC,B01540,432439
2026-03-26,00005,HSBC HOLDINGS PLC,B01900,429442
2026-03-26,00005,HSBC HOLDINGS PLC,B01676,428189
2026-03-26,00005,HSBC HOLDINGS PLC,B01615,411171
2026-03-26,00005,HSBC HOLDINGS PLC,B01843,400407
2026-03-26,00005,HSBC HOLDINGS PLC,B01788,397355
2026-03-26,00005,HSBC HOLDINGS PLC,B01947,392531
2026-03-26,00005,HSBC HOLDINGS PLC,B01213,378967
2026-03-26,00005,HSBC HOLDINGS PLC,B01481,375753
2026-03-26,00005,HSBC HOLDINGS PLC,B01666,371605
2026-03-26,00005,HSBC HOLDINGS PLC,B01416,361370
2026-03-26,00005,HSBC HOLDINGS PLC,B01350,356731
2026-03-26,00005,HSBC HOLDINGS PLC,B01866,354766
2026-03-26,00005,HSBC HOLDINGS PLC,B01940,347079
2026-03-26,00005,HSBC HOLDINGS PLC,B01138,334670
2026-03-26,00005,HSBC HOLDINGS PLC,B01782,334589
2026-03-26,00005,HSBC HOLDINGS PLC,B01292,326681
2026-03-26,00005,HSBC HOLDINGS PLC,B01665,323491
2026-03-26,00005,HSBC HOLDINGS PLC,B01483,322125
2026-03-26,00005,HSBC HOLDINGS PLC,B01551,318356
2026-03-26,00005,HSBC HOLDINGS PLC,B01500,317129
2026-03-26,00005,HSBC HOLDINGS PLC,B01894,315368
2026-03-26,00005,HSBC HOLDINGS PLC,B01964,306032
2026-03-26,00005,HSBC HOLDINGS PLC,B01505,305600
2026-03-26,00005,HSBC HOLDINGS PLC,B01700,296974
2026-03-26,00005,HSBC HOLDINGS PLC,B01555,295764
2026-03-26,00005,HSBC HOLDINGS PLC,B01777,293651
2026-03-26,00005,HSBC HOLDINGS PLC,B01525,292655
2026-03-26,00005,HSBC HOLDINGS PLC,B01328,290945
2026-03-26,00005,HSBC HOLDINGS PLC,B01509,290714
2026-03-26,00005,HSBC HOLDINGS PLC,B01230,280606
2026-03-26,00005,HSBC HOLDINGS PLC,B01705,279692
2026-03-26,00005,HSBC HOLDINGS PLC,B01759,271782
2026-03-26,00005,HSBC HOLDINGS PLC,B01849,260761
2026-03-26,00005,HSBC HOLDINGS PLC,B02159,257603
2026-03-26,00005,HSBC HOLDINGS PLC,B01141,255407
2026-03-26,00005,HSBC HOLDINGS PLC,B02206,253600
2026-03-26,00005,HSBC HOLDINGS PLC,B01745,241455
2026-03-26,00005,HSBC HOLDINGS PLC,B01290,241111
2026-03-26,00005,HSBC HOLDINGS PLC,B01294,239904
2026-03-26,00005,HSBC HOLDINGS PLC,B01669,229666
2026-03-26,00005,HSBC HOLDINGS PLC,B02163,228118
2026-03-26,00005,HSBC HOLDINGS PLC,B01789,221782
2026-03-26,00005,HSBC HOLDINGS PLC,B01767,220414
2026-03-26,00005,HSBC HOLDINGS PLC,B01580,212172
2026-03-26,00005,HSBC HOLDINGS PLC,B02176,204193
2026-03-26,00005,HSBC HOLDINGS PLC,B01680,203297
2026-03-26,00005,HSBC HOLDINGS PLC,B01080,200051
2026-03-26,00005,HSBC HOLDINGS PLC,B01427,189273
2026-03-26,00005,HSBC HOLDINGS PLC,B01973,189024
2026-03-26,00005,HSBC HOLDINGS PLC,B01601,185086
2026-03-26,00005,HSBC HOLDINGS PLC,B01783,176666
2026-03-26,00005,HSBC HOLDINGS PLC,B01444,171192
2026-03-26,00005,HSBC HOLDINGS PLC,B01814,170782
2026-03-26,00005,HSBC HOLDINGS PLC,B01277,170671
2026-03-26,00005,HSBC HOLDINGS PLC,B01825,169874
2026-03-26,00005,HSBC HOLDINGS PLC,B01341,166031
2026-03-26,00005,HSBC HOLDINGS PLC,B01455,163174
2026-03-26,00005,HSBC HOLDINGS PLC,B01248,161086
2026-03-26,00005,HSBC HOLDINGS PLC,B01501,160199
2026-03-26,00005,HSBC HOLDINGS PLC,B01659,159727
2026-03-26,00005,HSBC HOLDINGS PLC,B01181,159546
2026-03-26,00005,HSBC HOLDINGS PLC,B01519,153829
2026-03-26,00005,HSBC HOLDINGS PLC,B01645,151023
2026-03-26,00005,HSBC HOLDINGS PLC,B01848,150693
2026-03-26,00005,HSBC HOLDINGS PLC,B01661,149322
2026-03-26,00005,HSBC HOLDINGS PLC,B02141,145663
2026-03-26,00005,HSBC HOLDINGS PLC,B01743,142985
2026-03-26,00005,HSBC HOLDINGS PLC,B01897,141442
2026-03-26,00005,HSBC HOLDINGS PLC,B01893,140000
2026-03-26,00005,HSBC HOLDINGS PLC,B01741,135984
2026-03-26,00005,HSBC HOLDINGS PLC,B01389,135704
2026-03-26,00005,HSBC HOLDINGS PLC,B02077,127200
2026-03-26,00005,HSBC HOLDINGS PLC,B02093,125933
2026-03-26,00005,HSBC HOLDINGS PLC,B01930,124909
2026-03-26,00005,HSBC HOLDINGS PLC,B01577,119094
2026-03-26,00005,HSBC HOLDINGS PLC,B01716,114396
2026-03-26,00005,HSBC HOLDINGS PLC,B01469,110808
2026-03-26,00005,HSBC HOLDINGS PLC,B01401,109007
2026-03-26,00005,HSBC HOLDINGS PLC,B01794,107671
2026-03-26,00005,HSBC HOLDINGS PLC,B01734,107462
2026-03-26,00005,HSBC HOLDINGS PLC,B02070,107137
2026-03-26,00005,HSBC HOLDINGS PLC,B01785,98400
2026-03-26,00005,HSBC HOLDINGS PLC,B01769,95612
2026-03-26,00005,HSBC HOLDINGS PLC,B01993,94167
2026-03-26,00005,HSBC HOLDINGS PLC,B01784,93210
2026-03-26,00005,HSBC HOLDINGS PLC,B02161,91005
2026-03-26,00005,HSBC HOLDINGS PLC,B01885,89525
2026-03-26,00005,HSBC HOLDINGS PLC,B01754,85699
2026-03-26,00005,HSBC HOLDINGS PLC,B01685,83332
2026-03-26,00005,HSBC HOLDINGS PLC,B01310,79400
2026-03-26,00005,HSBC HOLDINGS PLC,B02156,78634
2026-03-26,00005,HSBC HOLDINGS PLC,B02028,75670
2026-03-26,00005,HSBC HOLDINGS PLC,B01510,71132
2026-03-26,00005,HSBC HOLDINGS PLC,B01937,68699
2026-03-26,00005,HSBC HOLDINGS PLC,B01890,67479
2026-03-26,00005,HSBC HOLDINGS PLC,B02032,65490
2026-03-26,00005,HSBC HOLDINGS PLC,B01694,65458
2026-03-26,00005,HSBC HOLDINGS PLC,B02096,64902
2026-03-26,00005,HSBC HOLDINGS PLC,B01664,60146
2026-03-26,00005,HSBC HOLDINGS PLC,B01967,59354
2026-03-26,00005,HSBC HOLDINGS PLC,B01948,57198
2026-03-26,00005,HSBC HOLDINGS PLC,B01963,55600
2026-03-26,00005,HSBC HOLDINGS PLC,B01755,55223
2026-03-26,00005,HSBC HOLDINGS PLC,B01660,50166
2026-03-26,00005,HSBC HOLDINGS PLC,B02065,50004
2026-03-26,00005,HSBC HOLDINGS PLC,B01906,47519
2026-03-26,00005,HSBC HOLDINGS PLC,B01810,47015
2026-03-26,00005,HSBC HOLDINGS PLC,B01998,44400
2026-03-26,00005,HSBC HOLDINGS PLC,B01684,43539
2026-03-26,00005,HSBC HOLDINGS PLC,B01375,42943
2026-03-26,00005,HSBC HOLDINGS PLC,B02075,42685
2026-03-26,00005,HSBC HOLDINGS PLC,B01386,42184
2026-03-26,00005,HSBC HOLDINGS PLC,B01751,41373
2026-03-26,00005,HSBC HOLDINGS PLC,B01753,41166
2026-03-26,00005,HSBC HOLDINGS PLC,B01830,40208
2026-03-26,00005,HSBC HOLDINGS PLC,B01936,38405
2026-03-26,00005,HSBC HOLDINGS PLC,B01571,37734
2026-03-26,00005,HSBC HOLDINGS PLC,B01863,36592
2026-03-26,00005,HSBC HOLDINGS PLC,B01962,36286
2026-03-26,00005,HSBC HOLDINGS PLC,B01527,35305
2026-03-26,00005,HSBC HOLDINGS PLC,B01886,34400
2026-03-26,00005,HSBC HOLDINGS PLC,B01714,33110
2026-03-26,00005,HSBC HOLDINGS PLC,B02166,32800
2026-03-26,00005,HSBC HOLDINGS PLC,B02128,32488
2026-03-26,00005,HSBC HOLDINGS PLC,B02087,31709
2026-03-26,00005,HSBC HOLDINGS PLC,B01959,31127
2026-03-26,00005,HSBC HOLDINGS PLC,B01653,30412
2026-03-26,00005,HSBC HOLDINGS PLC,B02085,29754
2026-03-26,00005,HSBC HOLDINGS PLC,B01868,28713
2026-03-26,00005,HSBC HOLDINGS PLC,B01702,28400
2026-03-26,00005,HSBC HOLDINGS PLC,B01407,27685
2026-03-26,00005,HSBC HOLDINGS PLC,B01454,27165
2026-03-26,00005,HSBC HOLDINGS PLC,B01857,27127
2026-03-26,00005,HSBC HOLDINGS PLC,B01240,26629
2026-03-26,00005,HSBC HOLDINGS PLC,B01677,25765
2026-03-26,00005,HSBC HOLDINGS PLC,B02067,25524
2026-03-26,00005,HSBC HOLDINGS PLC,B01231,24471
2026-03-26,00005,HSBC HOLDINGS PLC,B02151,24144
2026-03-26,00005,HSBC HOLDINGS PLC,B01619,23985
2026-03-26,00005,HSBC HOLDINGS PLC,B01995,23822
2026-03-26,00005,HSBC HOLDINGS PLC,B01958,23600
2026-03-26,00005,HSBC HOLDINGS PLC,B02116,23377
2026-03-26,00005,HSBC HOLDINGS PLC,B01974,23113
2026-03-26,00005,HSBC HOLDINGS PLC,B01641,22800
2026-03-26,00005,HSBC HOLDINGS PLC,B01326,22400
2026-03-26,00005,HSBC HOLDINGS PLC,B02120,21620
2026-03-26,00005,HSBC HOLDINGS PLC,B01756,20252
2026-03-26,00005,HSBC HOLDINGS PLC,B01801,20000
2026-03-26,00005,HSBC HOLDINGS PLC,B01988,19071
2026-03-26,00005,HSBC HOLDINGS PLC,B02108,18933
2026-03-26,00005,HSBC HOLDINGS PLC,B01934,18423
2026-03-26,00005,HSBC HOLDINGS PLC,B01925,18124
2026-03-26,00005,HSBC HOLDINGS PLC,B01720,17964
2026-03-26,00005,HSBC HOLDINGS PLC,B01949,17828
2026-03-26,00005,HSBC HOLDINGS PLC,B01986,17600
2026-03-26,00005,HSBC HOLDINGS PLC,B02212,17478
2026-03-26,00005,HSBC HOLDINGS PLC,B02164,16000
2026-03-26,00005,HSBC HOLDINGS PLC,B01608,15200
2026-03-26,00005,HSBC HOLDINGS PLC,B02177,14838
2026-03-26,00005,HSBC HOLDINGS PLC,B02047,14759
2026-03-26,00005,HSBC HOLDINGS PLC,B02021,14004
2026-03-26,00005,HSBC HOLDINGS PLC,B02102,14000
2026-03-26,00005,HSBC HOLDINGS PLC,B02060,13600
2026-03-26,00005,HSBC HOLDINGS PLC,B02214,13200
2026-03-26,00005,HSBC HOLDINGS PLC,B02056,12727
2026-03-26,00005,HSBC HOLDINGS PLC,B01976,12642
2026-03-26,00005,HSBC HOLDINGS PLC,B01922,12248
2026-03-26,00005,HSBC HOLDINGS PLC,B02112,11889
2026-03-26,00005,HSBC HOLDINGS PLC,B01907,11600
2026-03-26,00005,HSBC HOLDINGS PLC,B02079,11600
2026-03-26,00005,HSBC HOLDINGS PLC,B02106,10990
2026-03-26,00005,HSBC HOLDINGS PLC,B01920,10932
2026-03-26,00005,HSBC HOLDINGS PLC,B01282,10852
2026-03-26,00005,HSBC HOLDINGS PLC,B01538,10820
2026-03-26,00005,HSBC HOLDINGS PLC,B02185,10800
2026-03-26,00005,HSBC HOLDINGS PLC,B01631,10733
2026-03-26,00005,HSBC HOLDINGS PLC,B02215,10694
2026-03-26,00005,HSBC HOLDINGS PLC,B01633,10000
2026-03-26,00005,HSBC HOLDINGS PLC,B02078,10000
2026-03-26,00005,HSBC HOLDINGS PLC,B01320,9220
2026-03-26,00005,HSBC HOLDINGS PLC,B01246,9034
2026-03-26,00005,HSBC HOLDINGS PLC,B01217,8779
2026-03-26,00005,HSBC HOLDINGS PLC,B01853,8618
2026-03-26,00005,HSBC HOLDINGS PLC,B01915,8083
2026-03-26,00005,HSBC HOLDINGS PLC,B02008,7600
2026-03-26,00005,HSBC HOLDINGS PLC,B01428,7371
2026-03-26,00005,HSBC HOLDINGS PLC,B02055,7100
2026-03-26,00005,HSBC HOLDINGS PLC,B02183,7091
2026-03-26,00005,HSBC HOLDINGS PLC,B01816,6829
2026-03-26,00005,HSBC HOLDINGS PLC,B01582,6743
2026-03-26,00005,HSBC HOLDINGS PLC,B01821,6438
2026-03-26,00005,HSBC HOLDINGS PLC,B02045,5800
2026-03-26,00005,HSBC HOLDINGS PLC,B02171,5645
2026-03-26,00005,HSBC HOLDINGS PLC,B01971,5224
2026-03-26,00005,HSBC HOLDINGS PLC,B02192,5200
2026-03-26,00005,HSBC HOLDINGS PLC,B01322,5100
2026-03-26,00005,HSBC HOLDINGS PLC,B02180,5038
2026-03-26,00005,HSBC HOLDINGS PLC,B02009,4860
2026-03-26,00005,HSBC HOLDINGS PLC,B01875,4830
2026-03-26,00005,HSBC HOLDINGS PLC,B01417,4800
2026-03-26,00005,HSBC HOLDINGS PLC,B01434,4800
2026-03-26,00005,HSBC HOLDINGS PLC,B01212,4715
2026-03-26,00005,HSBC HOLDINGS PLC,B01627,4617
2026-03-26,00005,HSBC HOLDINGS PLC,B02221,4408
2026-03-26,00005,HSBC HOLDINGS PLC,B01982,4400
2026-03-26,00005,HSBC HOLDINGS PLC,B02092,4319
2026-03-26,00005,HSBC HOLDINGS PLC,B01508,4231
2026-03-26,00005,HSBC HOLDINGS PLC,B02030,4013
2026-03-26,00005,HSBC HOLDINGS PLC,B01919,4000
2026-03-26,00005,HSBC HOLDINGS PLC,B02018,4000
2026-03-26,00005,HSBC HOLDINGS PLC,B02020,4000
2026-03-26,00005,HSBC HOLDINGS PLC,B01852,3966
2026-03-26,00005,HSBC HOLDINGS PLC,B01227,3910
2026-03-26,00005,HSBC HOLDINGS PLC,B02134,3893
2026-03-26,00005,HSBC HOLDINGS PLC,B01318,3875
2026-03-26,00005,HSBC HOLDINGS PLC,B01883,3627
2026-03-26,00005,HSBC HOLDINGS PLC,B01997,3600
2026-03-26,00005,HSBC HOLDINGS PLC,B02138,3600
2026-03-26,00005,HSBC HOLDINGS PLC,B01795,3482
2026-03-26,00005,HSBC HOLDINGS PLC,B01935,3472
2026-03-26,00005,HSBC HOLDINGS PLC,B01823,3400
2026-03-26,00005,HSBC HOLDINGS PLC,B02031,3379
2026-03-26,00005,HSBC HOLDINGS PLC,B02019,3251
2026-03-26,00005,HSBC HOLDINGS PLC,B02042,3200
2026-03-26,00005,HSBC HOLDINGS PLC,B01575,2800
2026-03-26,00005,HSBC HOLDINGS PLC,B02094,2800
2026-03-26,00005,HSBC HOLDINGS PLC,B02123,2800
2026-03-26,00005,HSBC HOLDINGS PLC,B02046,2781
2026-03-26,00005,HSBC HOLDINGS PLC,B01329,2434
2026-03-26,00005,HSBC HOLDINGS PLC,B01957,2400
2026-03-26,00005,HSBC HOLDINGS PLC,B02125,2400
2026-03-26,00005,HSBC HOLDINGS PLC,B02004,2115
2026-03-26,00005,HSBC HOLDINGS PLC,B02158,2030
2026-03-26,00005,HSBC HOLDINGS PLC,B01912,2000
2026-03-26,00005,HSBC HOLDINGS PLC,B01472,1737
2026-03-26,00005,HSBC HOLDINGS PLC,B02057,1736
2026-03-26,00005,HSBC HOLDINGS PLC,B02101,1600
2026-03-26,00005,HSBC HOLDINGS PLC,B01918,1561
2026-03-26,00005,HSBC HOLDINGS PLC,B01404,1200
2026-03-26,00005,HSBC HOLDINGS PLC,B01447,1200
2026-03-26,00005,HSBC HOLDINGS PLC,B01909,1200
2026-03-26,00005,HSBC HOLDINGS PLC,B02035,1200
2026-03-26,00005,HSBC HOLDINGS PLC,B02121,1200
2026-03-26,00005,HSBC HOLDINGS PLC,B02193,1200
2026-03-26,00005,HSBC HOLDINGS PLC,B02068,895
2026-03-26,00005,HSBC HOLDINGS PLC,B01927,826
2026-03-26,00005,HSBC HOLDINGS PLC,B01462,825
2026-03-26,00005,HSBC HOLDINGS PLC,B02011,800
2026-03-26,00005,HSBC HOLDINGS PLC,B02179,800
2026-03-26,00005,HSBC HOLDINGS PLC,B01207,742
2026-03-26,00005,HSBC HOLDINGS PLC,B01670,411
2026-03-26,00005,HSBC HOLDINGS PLC,B01579,400
2026-03-26,00005,HSBC HOLDINGS PLC,B01630,400
2026-03-26,00005,HSBC HOLDINGS PLC,B02003,400
2026-03-26,00005,HSBC HOLDINGS PLC,B02013,400
2026-03-26,00005,HSBC HOLDINGS PLC,B02014,400
2026-03-26,00005,HSBC HOLDINGS PLC,B02037,400
2026-03-26,00005,HSBC HOLDINGS PLC,B02081,400
2026-03-26,00005,HSBC HOLDINGS PLC,B02219,400
2026-03-26,00005,HSBC HOLDINGS PLC,B02220,400
2026-03-26,00005,HSBC HOLDINGS PLC,B01243,300
2026-03-26,00005,HSBC HOLDINGS PLC,B02052,113
2026-03-26,00005,HSBC HOLDINGS PLC,B01765,102
2026-03-26,00005,HSBC HOLDINGS PLC,B02213,90
2026-03-26,00005,HSBC HOLDINGS PLC,B01437,47
2026-03-26,00005,HSBC HOLDINGS PLC,B01346,42
2026-03-26,00005,HSBC HOLDINGS PLC,B01559,39
2026-03-26,00005,HSBC HOLDINGS PLC,B01832,38
2026-03-26,00005,HSBC HOLDINGS PLC,B01891,4
2026-03-26,00005,HSBC HOLDINGS PLC,B01994,4
2026-03-26,00005,HSBC HOLDINGS PLC,B01650,3
2026-03-26,00006,POWER ASSETS HOLDINGS LIMITED,B01284,21265902
2026-03-26,00006,POWER ASSETS HOLDINGS LIMITED,B01161,15681299
2026-03-26,00006,POWER ASSETS HOLDINGS LIMITED,B01727,7322529
2026-03-26,00006,POWER ASSETS HOLDINGS LIMITED,B01130,7152528
2026-03-26,00006,POWER ASSETS HOLDINGS LIMITED,B01089,6490515
2026-03-26,00006,POWER ASSETS HOLDINGS LIMITED,B01183,5696958
2026-03-26,00006,POWER ASSETS HOLDINGS LIMITED,B01118,4515247
2026-03-26,00006,POWER ASSETS HOLDINGS LIMITED,B01695,4458987
2026-03-26,00006,POWER ASSETS HOLDINGS LIMITED,B01955,3070525
2026-03-26,00006,POWER ASSETS HOLDINGS LIMITED,B01590,3051603
2026-03-26,00006,POWER ASSETS HOLDINGS LIMITED,B01668,2872628
2026-03-26,00006,POWER ASSETS HOLDINGS LIMITED,B01353,2869118
2026-03-26,00006,POWER ASSETS HOLDINGS LIMITED,B01086,1975433
2026-03-26,00006,POWER ASSETS HOLDINGS LIMITED,B01584,1664567
2026-03-26,00006,POWER ASSETS HOLDINGS LIMITED,B01345,1542462
2026-03-26,00006,POWER ASSETS HOLDINGS LIMITED,B01610,1105530
2026-03-26,00006,POWER ASSETS HOLDINGS LIMITED,B01451,1089048
2026-03-26,00006,POWER ASSETS HOLDINGS LIMITED,B01224,990668
2026-03-26,00006,POWER ASSETS HOLDINGS LIMITED,B01423,815124
2026-03-26,00006,POWER ASSETS HOLDINGS LIMITED,B01552,738420
2026-03-26,00006,POWER ASSETS HOLDINGS LIMITED,B01787,714511
2026-03-26,00006,POWER ASSETS HOLDINGS LIMITED,B01274,684047
2026-03-26,00006,POWER ASSETS HOLDINGS LIMITED,B01115,601807
2026-03-26,00006,POWER ASSETS HOLDINGS LIMITED,B01623,573277
2026-03-26,00006,POWER ASSETS HOLDINGS LIMITED,B01143,557881
2026-03-26,00006,POWER ASSETS HOLDINGS LIMITED,B01673,528048
2026-03-26,00006,POWER ASSETS HOLDINGS LIMITED,B01842,516424
2026-03-26,00006,POWER ASSETS HOLDINGS LIMITED,B01905,506105
2026-03-26,00006,POWER ASSETS HOLDINGS LIMITED,B01272,494142
2026-03-26,00006,POWER ASSETS HOLDINGS LIMITED,B01338,431228
2026-03-26,00006,POWER ASSETS HOLDINGS LIMITED,B01228,423528
2026-03-26,00006,POWER ASSETS HOLDINGS LIMITED,B01264,413392
2026-03-26,00006,POWER ASSETS HOLDINGS LIMITED,B01497,359650
2026-03-26,00006,POWER ASSETS HOLDINGS LIMITED,B01581,333500
2026-03-26,00006,POWER ASSETS HOLDINGS LIMITED,B01941,329520
2026-03-26,00006,POWER ASSETS HOLDINGS LIMITED,B01901,326954
2026-03-26,00006,POWER ASSETS HOLDINGS LIMITED,B01540,311856
2026-03-26,00006,POWER ASSETS HOLDINGS LIMITED,B01556,294500
2026-03-26,00006,POWER ASSETS HOLDINGS LIMITED,B01265,293398
2026-03-26,00006,POWER ASSETS HOLDINGS LIMITED,B01148,281381
2026-03-26,00006,POWER ASSETS HOLDINGS LIMITED,B02132,274593
2026-03-26,00006,POWER ASSETS HOLDINGS LIMITED,B01129,260795
2026-03-26,00006,POWER ASSETS HOLDINGS LIMITED,B01413,257078
2026-03-26,00006,POWER ASSETS HOLDINGS LIMITED,B02176,245500
2026-03-26,00006,POWER ASSETS HOLDINGS LIMITED,B01565,234165
2026-03-26,00006,POWER ASSETS HOLDINGS LIMITED,B01588,220750
2026-03-26,00006,POWER ASSETS HOLDINGS LIMITED,B01169,219632
2026-03-26,00006,POWER ASSETS HOLDINGS LIMITED,B01119,218265
2026-03-26,00006,POWER ASSETS HOLDINGS LIMITED,B01904,212233
2026-03-26,00006,POWER ASSETS HOLDINGS LIMITED,B01939,200500
2026-03-26,00006,POWER ASSETS HOLDINGS LIMITED,B01275,192221
2026-03-26,00006,POWER ASSETS HOLDINGS LIMITED,B01649,188940
2026-03-26,00006,POWER ASSETS HOLDINGS LIMITED,B01938,188000
2026-03-26,00006,POWER ASSETS HOLDINGS LIMITED,B01289,185837
2026-03-26,00006,POWER ASSETS HOLDINGS LIMITED,B01252,182148
2026-03-26,00006,POWER ASSETS HOLDINGS LIMITED,B01184,178000
2026-03-26,00006,POWER ASSETS HOLDINGS LIMITED,B01759,160762
2026-03-26,00006,POWER ASSETS HOLDINGS LIMITED,B01450,150023
2026-03-26,00006,POWER ASSETS HOLDINGS LIMITED,B01298,145503
2026-03-26,00006,POWER ASSETS HOLDINGS LIMITED,B01555,140560
2026-03-26,00006,POWER ASSETS HOLDINGS LIMITED,B01494,135892
2026-03-26,00006,POWER ASSETS HOLDINGS LIMITED,B01974,135838
2026-03-26,00006,POWER ASSETS HOLDINGS LIMITED,B01567,133043
2026-03-26,00006,POWER ASSETS HOLDINGS LIMITED,B01209,126414
2026-03-26,00006,POWER ASSETS HOLDINGS LIMITED,B01173,125535
2026-03-26,00006,POWER ASSETS HOLDINGS LIMITED,B01373,124448
2026-03-26,00006,POWER ASSETS HOLDINGS LIMITED,B01762,123500
2026-03-26,00006,POWER ASSETS HOLDINGS LIMITED,B01198,118946
2026-03-26,00006,POWER ASSETS HOLDINGS LIMITED,B01866,115500
2026-03-26,00006,POWER ASSETS HOLDINGS LIMITED,B01988,113000
2026-03-26,00006,POWER ASSETS HOLDINGS LIMITED,B01141,112655
2026-03-26,00006,POWER ASSETS HOLDINGS LIMITED,B01962,109500
2026-03-26,00006,POWER ASSETS HOLDINGS LIMITED,B01356,106842
2026-03-26,00006,POWER ASSETS HOLDINGS LIMITED,B01438,105805
2026-03-26,00006,POWER ASSETS HOLDINGS LIMITED,B01425,104226
2026-03-26,00006,POWER ASSETS HOLDINGS LIMITED,B01813,101500
2026-03-26,00006,POWER ASSETS HOLDINGS LIMITED,B01940,96714
2026-03-26,00006,POWER ASSETS HOLDINGS LIMITED,B01271,95993
2026-03-26,00006,POWER ASSETS HOLDINGS LIMITED,B01789,95550
2026-03-26,00006,POWER ASSETS HOLDINGS LIMITED,B01253,93000
2026-03-26,00006,POWER ASSETS HOLDINGS LIMITED,B01929,92525
2026-03-26,00006,POWER ASSETS HOLDINGS LIMITED,B01826,91000
2026-03-26,00006,POWER ASSETS HOLDINGS LIMITED,B01849,90000
2026-03-26,00006,POWER ASSETS HOLDINGS LIMITED,B01564,86500
2026-03-26,00006,POWER ASSETS HOLDINGS LIMITED,B01546,86122
2026-03-26,00006,POWER ASSETS HOLDINGS LIMITED,B01724,82084
2026-03-26,00006,POWER ASSETS HOLDINGS LIMITED,B01158,81024
2026-03-26,00006,POWER ASSETS HOLDINGS LIMITED,B01310,80500
2026-03-26,00006,POWER ASSETS HOLDINGS LIMITED,B01858,75970
2026-03-26,00006,POWER ASSETS HOLDINGS LIMITED,B01123,74000
2026-03-26,00006,POWER ASSETS HOLDINGS LIMITED,B02195,73355
2026-03-26,00006,POWER ASSETS HOLDINGS LIMITED,B01343,71104
2026-03-26,00006,POWER ASSETS HOLDINGS LIMITED,B01439,70988
2026-03-26,00006,POWER ASSETS HOLDINGS LIMITED,B01340,69699
2026-03-26,00006,POWER ASSETS HOLDINGS LIMITED,B02142,69500
2026-03-26,00006,POWER ASSETS HOLDINGS LIMITED,B01213,68844
2026-03-26,00006,POWER ASSETS HOLDINGS LIMITED,B02159,67636
2026-03-26,00006,POWER ASSETS HOLDINGS LIMITED,B01324,66035
2026-03-26,00006,POWER ASSETS HOLDINGS LIMITED,B01481,64560
2026-03-26,00006,POWER ASSETS HOLDINGS LIMITED,B01843,62500
2026-03-26,00006,POWER ASSETS HOLDINGS LIMITED,B01459,62250
2026-03-26,00006,POWER ASSETS HOLDINGS LIMITED,B01433,61174
2026-03-26,00006,POWER ASSETS HOLDINGS LIMITED,B01900,57500
2026-03-26,00006,POWER ASSETS HOLDINGS LIMITED,B02175,56611
2026-03-26,00006,POWER ASSETS HOLDINGS LIMITED,B01389,56500
2026-03-26,00006,POWER ASSETS HOLDINGS LIMITED,B01483,55665
2026-03-26,00006,POWER ASSETS HOLDINGS LIMITED,B01767,55100
2026-03-26,00006,POWER ASSETS HOLDINGS LIMITED,B01347,54300
2026-03-26,00006,POWER ASSETS HOLDINGS LIMITED,B01230,54230
2026-03-26,00006,POWER ASSETS HOLDINGS LIMITED,B01973,53500
2026-03-26,00006,POWER ASSETS HOLDINGS LIMITED,B01809,50500
2026-03-26,00006,POWER ASSETS HOLDINGS LIMITED,B01680,50220
2026-03-26,00006,POWER ASSETS HOLDINGS LIMITED,B01686,49206
2026-03-26,00006,POWER ASSETS HOLDINGS LIMITED,B01696,48735
2026-03-26,00006,POWER ASSETS HOLDINGS LIMITED,B01267,45903
2026-03-26,00006,POWER ASSETS HOLDINGS LIMITED,B01470,45500
2026-03-26,00006,POWER ASSETS HOLDINGS LIMITED,B01525,45060
2026-03-26,00006,POWER ASSETS HOLDINGS LIMITED,B01248,45000
2026-03-26,00006,POWER ASSETS HOLDINGS LIMITED,B01615,41724
2026-03-26,00006,POWER ASSETS HOLDINGS LIMITED,B01814,41000
2026-03-26,00006,POWER ASSETS HOLDINGS LIMITED,B01551,39500
2026-03-26,00006,POWER ASSETS HOLDINGS LIMITED,B01848,38500
2026-03-26,00006,POWER ASSETS HOLDINGS LIMITED,B01947,38500
2026-03-26,00006,POWER ASSETS HOLDINGS LIMITED,B01783,37105
2026-03-26,00006,POWER ASSETS HOLDINGS LIMITED,B01351,35500
2026-03-26,00006,POWER ASSETS HOLDINGS LIMITED,B01511,35500
2026-03-26,00006,POWER ASSETS HOLDINGS LIMITED,B02028,35000
2026-03-26,00006,POWER ASSETS HOLDINGS LIMITED,B01654,34506
2026-03-26,00006,POWER ASSETS HOLDINGS LIMITED,B01519,33500
2026-03-26,00006,POWER ASSETS HOLDINGS LIMITED,B01700,32500
2026-03-26,00006,POWER ASSETS HOLDINGS LIMITED,B01350,31948
2026-03-26,00006,POWER ASSETS HOLDINGS LIMITED,B01777,31900
2026-03-26,00006,POWER ASSETS HOLDINGS LIMITED,B01666,30000
2026-03-26,00006,POWER ASSETS HOLDINGS LIMITED,B01585,29862
2026-03-26,00006,POWER ASSETS HOLDINGS LIMITED,B01445,29500
2026-03-26,00006,POWER ASSETS HOLDINGS LIMITED,B01328,29467
2026-03-26,00006,POWER ASSETS HOLDINGS LIMITED,B01240,28056
2026-03-26,00006,POWER ASSETS HOLDINGS LIMITED,B01294,26000
2026-03-26,00006,POWER ASSETS HOLDINGS LIMITED,B01788,25500
2026-03-26,00006,POWER ASSETS HOLDINGS LIMITED,B01829,25021
2026-03-26,00006,POWER ASSETS HOLDINGS LIMITED,B01514,24500
2026-03-26,00006,POWER ASSETS HOLDINGS LIMITED,B01659,23057
2026-03-26,00006,POWER ASSETS HOLDINGS LIMITED,B01853,23000
2026-03-26,00006,POWER ASSETS HOLDINGS LIMITED,B01454,22500
2026-03-26,00006,POWER ASSETS HOLDINGS LIMITED,B01563,22000
2026-03-26,00006,POWER ASSETS HOLDINGS LIMITED,B01669,22000
2026-03-26,00006,POWER ASSETS HOLDINGS LIMITED,B01256,21600
2026-03-26,00006,POWER ASSETS HOLDINGS LIMITED,B01964,21500
2026-03-26,00006,POWER ASSETS HOLDINGS LIMITED,B01458,21311
2026-03-26,00006,POWER ASSETS HOLDINGS LIMITED,B01773,21000
2026-03-26,00006,POWER ASSETS HOLDINGS LIMITED,B01608,20000
2026-03-26,00006,POWER ASSETS HOLDINGS LIMITED,B01833,20000
2026-03-26,00006,POWER ASSETS HOLDINGS LIMITED,B01784,19500
2026-03-26,00006,POWER ASSETS HOLDINGS LIMITED,B01890,19500
2026-03-26,00006,POWER ASSETS HOLDINGS LIMITED,B01664,19000
2026-03-26,00006,POWER ASSETS HOLDINGS LIMITED,B01676,18480
2026-03-26,00006,POWER ASSETS HOLDINGS LIMITED,B01427,17500
2026-03-26,00006,POWER ASSETS HOLDINGS LIMITED,B02120,17500
2026-03-26,00006,POWER ASSETS HOLDINGS LIMITED,B01292,15847
2026-03-26,00006,POWER ASSETS HOLDINGS LIMITED,B01936,15100
2026-03-26,00006,POWER ASSETS HOLDINGS LIMITED,B01601,15000
2026-03-26,00006,POWER ASSETS HOLDINGS LIMITED,B01885,15000
2026-03-26,00006,POWER ASSETS HOLDINGS LIMITED,B01509,14500
2026-03-26,00006,POWER ASSETS HOLDINGS LIMITED,B01523,14500
2026-03-26,00006,POWER ASSETS HOLDINGS LIMITED,B01769,13794
2026-03-26,00006,POWER ASSETS HOLDINGS LIMITED,B02163,13500
2026-03-26,00006,POWER ASSETS HOLDINGS LIMITED,B01705,13000
2026-03-26,00006,POWER ASSETS HOLDINGS LIMITED,B01967,13000
2026-03-26,00006,POWER ASSETS HOLDINGS LIMITED,B02087,12835
2026-03-26,00006,POWER ASSETS HOLDINGS LIMITED,B01925,12500
2026-03-26,00006,POWER ASSETS HOLDINGS LIMITED,B02102,12500
2026-03-26,00006,POWER ASSETS HOLDINGS LIMITED,B01386,11700
2026-03-26,00006,POWER ASSETS HOLDINGS LIMITED,B01416,11500
2026-03-26,00006,POWER ASSETS HOLDINGS LIMITED,B02093,11261
2026-03-26,00006,POWER ASSETS HOLDINGS LIMITED,B01930,11000
2026-03-26,00006,POWER ASSETS HOLDINGS LIMITED,B01080,10500
2026-03-26,00006,POWER ASSETS HOLDINGS LIMITED,B01277,10500
2026-03-26,00006,POWER ASSETS HOLDINGS LIMITED,B01661,10500
2026-03-26,00006,POWER ASSETS HOLDINGS LIMITED,B01794,10500
2026-03-26,00006,POWER ASSETS HOLDINGS LIMITED,B02108,10000
2026-03-26,00006,POWER ASSETS HOLDINGS LIMITED,B01978,9500
2026-03-26,00006,POWER ASSETS HOLDINGS LIMITED,B01684,9181
2026-03-26,00006,POWER ASSETS HOLDINGS LIMITED,B01665,8055
2026-03-26,00006,POWER ASSETS HOLDINGS LIMITED,B01535,7000
2026-03-26,00006,POWER ASSETS HOLDINGS LIMITED,B01741,6500
2026-03-26,00006,POWER ASSETS HOLDINGS LIMITED,B01825,6500
2026-03-26,00006,POWER ASSETS HOLDINGS LIMITED,B01401,6000
2026-03-26,00006,POWER ASSETS HOLDINGS LIMITED,B01428,5890
2026-03-26,00006,POWER ASSETS HOLDINGS LIMITED,B01577,5550
2026-03-26,00006,POWER ASSETS HOLDINGS LIMITED,B01915,5500
2026-03-26,00006,POWER ASSETS HOLDINGS LIMITED,B01138,5000
2026-03-26,00006,POWER ASSETS HOLDINGS LIMITED,B01710,5000
2026-03-26,00006,POWER ASSETS HOLDINGS LIMITED,B01743,5000
2026-03-26,00006,POWER ASSETS HOLDINGS LIMITED,B01782,5000
2026-03-26,00006,POWER ASSETS HOLDINGS LIMITED,B01231,4500
2026-03-26,00006,POWER ASSETS HOLDINGS LIMITED,B01455,4500
2026-03-26,00006,POWER ASSETS HOLDINGS LIMITED,B01660,4500
2026-03-26,00006,POWER ASSETS HOLDINGS LIMITED,B01720,4500
2026-03-26,00006,POWER ASSETS HOLDINGS LIMITED,B01685,4000
2026-03-26,00006,POWER ASSETS HOLDINGS LIMITED,B01694,4000
2026-03-26,00006,POWER ASSETS HOLDINGS LIMITED,B02096,4000
2026-03-26,00006,POWER ASSETS HOLDINGS LIMITED,B01576,3991
2026-03-26,00006,POWER ASSETS HOLDINGS LIMITED,B02055,3725
2026-03-26,00006,POWER ASSETS HOLDINGS LIMITED,B01181,3500
2026-03-26,00006,POWER ASSETS HOLDINGS LIMITED,B01510,3500
2026-03-26,00006,POWER ASSETS HOLDINGS LIMITED,B02156,3500
2026-03-26,00006,POWER ASSETS HOLDINGS LIMITED,B01341,3000
2026-03-26,00006,POWER ASSETS HOLDINGS LIMITED,B01444,3000
2026-03-26,00006,POWER ASSETS HOLDINGS LIMITED,B01922,3000
2026-03-26,00006,POWER ASSETS HOLDINGS LIMITED,B01469,2500
2026-03-26,00006,POWER ASSETS HOLDINGS LIMITED,B01716,2500
2026-03-26,00006,POWER ASSETS HOLDINGS LIMITED,B01753,2500
2026-03-26,00006,POWER ASSETS HOLDINGS LIMITED,B01934,2500
2026-03-26,00006,POWER ASSETS HOLDINGS LIMITED,B01290,2050
2026-03-26,00006,POWER ASSETS HOLDINGS LIMITED,B01320,2000
2026-03-26,00006,POWER ASSETS HOLDINGS LIMITED,B01571,2000
2026-03-26,00006,POWER ASSETS HOLDINGS LIMITED,B01653,2000
2026-03-26,00006,POWER ASSETS HOLDINGS LIMITED,B01810,2000
2026-03-26,00006,POWER ASSETS HOLDINGS LIMITED,B01875,2000
2026-03-26,00006,POWER ASSETS HOLDINGS LIMITED,B02085,2000
2026-03-26,00006,POWER ASSETS HOLDINGS LIMITED,B02138,2000
2026-03-26,00006,POWER ASSETS HOLDINGS LIMITED,B01630,1500
2026-03-26,00006,POWER ASSETS HOLDINGS LIMITED,B01714,1500
2026-03-26,00006,POWER ASSETS HOLDINGS LIMITED,B01857,1500
2026-03-26,00006,POWER ASSETS HOLDINGS LIMITED,B01863,1500
2026-03-26,00006,POWER ASSETS HOLDINGS LIMITED,B01894,1500
2026-03-26,00006,POWER ASSETS HOLDINGS LIMITED,B02047,1500
2026-03-26,00006,POWER ASSETS HOLDINGS LIMITED,B02068,1500
2026-03-26,00006,POWER ASSETS HOLDINGS LIMITED,B02075,1500
2026-03-26,00006,POWER ASSETS HOLDINGS LIMITED,B02134,1500
2026-03-26,00006,POWER ASSETS HOLDINGS LIMITED,B02215,1500
2026-03-26,00006,POWER ASSETS HOLDINGS LIMITED,B01677,1000
2026-03-26,00006,POWER ASSETS HOLDINGS LIMITED,B01755,1000
2026-03-26,00006,POWER ASSETS HOLDINGS LIMITED,B01821,1000
2026-03-26,00006,POWER ASSETS HOLDINGS LIMITED,B01883,1000
2026-03-26,00006,POWER ASSETS HOLDINGS LIMITED,B01997,1000
2026-03-26,00006,POWER ASSETS HOLDINGS LIMITED,B01907,868
2026-03-26,00006,POWER ASSETS HOLDINGS LIMITED,B01592,710
2026-03-26,00006,POWER ASSETS HOLDINGS LIMITED,B01447,500
2026-03-26,00006,POWER ASSETS HOLDINGS LIMITED,B01906,500
2026-03-26,00006,POWER ASSETS HOLDINGS LIMITED,B01949,500
2026-03-26,00006,POWER ASSETS HOLDINGS LIMITED,B02128,500
2026-03-26,00006,POWER ASSETS HOLDINGS LIMITED,B01830,35
2026-03-26,00006,POWER ASSETS HOLDINGS LIMITED,B01897,5
2026-03-26,00007,WISDOM WEALTH RESOURCES INVESTMENT HOLDING GROUP LIMITED,B01939,774799142
2026-03-26,00007,WISDOM WEALTH RESOURCES INVESTMENT HOLDING GROUP LIMITED,B01955,167015117
2026-03-26,00007,WISDOM WEALTH RESOURCES INVESTMENT HOLDING GROUP LIMITED,B01686,85066000
2026-03-26,00007,WISDOM WEALTH RESOURCES INVESTMENT HOLDING GROUP LIMITED,B02102,58680000
2026-03-26,00007,WISDOM WEALTH RESOURCES INVESTMENT HOLDING GROUP LIMITED,B01948,54820000
2026-03-26,00007,WISDOM WEALTH RESOURCES INVESTMENT HOLDING GROUP LIMITED,B01161,48933000
2026-03-26,00007,WISDOM WEALTH RESOURCES INVESTMENT HOLDING GROUP LIMITED,B01284,43828500
2026-03-26,00007,WISDOM WEALTH RESOURCES INVESTMENT HOLDING GROUP LIMITED,B01143,40150000
2026-03-26,00007,WISDOM WEALTH RESOURCES INVESTMENT HOLDING GROUP LIMITED,B01514,35621185
2026-03-26,00007,WISDOM WEALTH RESOURCES INVESTMENT HOLDING GROUP LIMITED,B01565,33781000
2026-03-26,00007,WISDOM WEALTH RESOURCES INVESTMENT HOLDING GROUP LIMITED,B01130,32354000
2026-03-26,00007,WISDOM WEALTH RESOURCES INVESTMENT HOLDING GROUP LIMITED,B01753,30000000
2026-03-26,00007,WISDOM WEALTH RESOURCES INVESTMENT HOLDING GROUP LIMITED,B01842,26609000
2026-03-26,00007,WISDOM WEALTH RESOURCES INVESTMENT HOLDING GROUP LIMITED,B01584,25704000
2026-03-26,00007,WISDOM WEALTH RESOURCES INVESTMENT HOLDING GROUP LIMITED,B01115,25246000
2026-03-26,00007,WISDOM WEALTH RESOURCES INVESTMENT HOLDING GROUP LIMITED,B01668,22393500
2026-03-26,00007,WISDOM WEALTH RESOURCES INVESTMENT HOLDING GROUP LIMITED,B01998,20080356
2026-03-26,00007,WISDOM WEALTH RESOURCES INVESTMENT HOLDING GROUP LIMITED,B01338,17239000
2026-03-26,00007,WISDOM WEALTH RESOURCES INVESTMENT HOLDING GROUP LIMITED,B01610,15059000
2026-03-26,00007,WISDOM WEALTH RESOURCES INVESTMENT HOLDING GROUP LIMITED,B01184,14256557
2026-03-26,00007,WISDOM WEALTH RESOURCES INVESTMENT HOLDING GROUP LIMITED,B01353,14151000
2026-03-26,00007,WISDOM WEALTH RESOURCES INVESTMENT HOLDING GROUP LIMITED,B01119,13293000
2026-03-26,00007,WISDOM WEALTH RESOURCES INVESTMENT HOLDING GROUP LIMITED,B01289,10827000
2026-03-26,00007,WISDOM WEALTH RESOURCES INVESTMENT HOLDING GROUP LIMITED,B01272,10633000
2026-03-26,00007,WISDOM WEALTH RESOURCES INVESTMENT HOLDING GROUP LIMITED,B01904,10498000
2026-03-26,00007,WISDOM WEALTH RESOURCES INVESTMENT HOLDING GROUP LIMITED,B01275,10330000
2026-03-26,00007,WISDOM WEALTH RESOURCES INVESTMENT HOLDING GROUP LIMITED,B01590,9792000
2026-03-26,00007,WISDOM WEALTH RESOURCES INVESTMENT HOLDING GROUP LIMITED,B01727,7037500
2026-03-26,00007,WISDOM WEALTH RESOURCES INVESTMENT HOLDING GROUP LIMITED,B01224,6475182
2026-03-26,00007,WISDOM WEALTH RESOURCES INVESTMENT HOLDING GROUP LIMITED,B01695,6072000
2026-03-26,00007,WISDOM WEALTH RESOURCES INVESTMENT HOLDING GROUP LIMITED,B01762,6024000
2026-03-26,00007,WISDOM WEALTH RESOURCES INVESTMENT HOLDING GROUP LIMITED,B01389,5750000
2026-03-26,00007,WISDOM WEALTH RESOURCES INVESTMENT HOLDING GROUP LIMITED,B01929,5044000
2026-03-26,00007,WISDOM WEALTH RESOURCES INVESTMENT HOLDING GROUP LIMITED,B01345,4451000
2026-03-26,00007,WISDOM WEALTH RESOURCES INVESTMENT HOLDING GROUP LIMITED,B01148,4307000
2026-03-26,00007,WISDOM WEALTH RESOURCES INVESTMENT HOLDING GROUP LIMITED,B01971,4231000
2026-03-26,00007,WISDOM WEALTH RESOURCES INVESTMENT HOLDING GROUP LIMITED,B01183,4228000
2026-03-26,00007,WISDOM WEALTH RESOURCES INVESTMENT HOLDING GROUP LIMITED,B02142,4225000
2026-03-26,00007,WISDOM WEALTH RESOURCES INVESTMENT HOLDING GROUP LIMITED,B01581,3952000
2026-03-26,00007,WISDOM WEALTH RESOURCES INVESTMENT HOLDING GROUP LIMITED,B01660,3952000
2026-03-26,00007,WISDOM WEALTH RESOURCES INVESTMENT HOLDING GROUP LIMITED,B01470,3870000
2026-03-26,00007,WISDOM WEALTH RESOURCES INVESTMENT HOLDING GROUP LIMITED,B01089,3553000
2026-03-26,00007,WISDOM WEALTH RESOURCES INVESTMENT HOLDING GROUP LIMITED,B01853,3305000
2026-03-26,00007,WISDOM WEALTH RESOURCES INVESTMENT HOLDING GROUP LIMITED,B01773,3000000
2026-03-26,00007,WISDOM WEALTH RESOURCES INVESTMENT HOLDING GROUP LIMITED,B01901,2510000
2026-03-26,00007,WISDOM WEALTH RESOURCES INVESTMENT HOLDING GROUP LIMITED,B01826,2275000
2026-03-26,00007,WISDOM WEALTH RESOURCES INVESTMENT HOLDING GROUP LIMITED,B01511,2210000
2026-03-26,00007,WISDOM WEALTH RESOURCES INVESTMENT HOLDING GROUP LIMITED,B01947,2165000
2026-03-26,00007,WISDOM WEALTH RESOURCES INVESTMENT HOLDING GROUP LIMITED,B01118,2078000
2026-03-26,00007,WISDOM WEALTH RESOURCES INVESTMENT HOLDING GROUP LIMITED,B01673,2004000
2026-03-26,00007,WISDOM WEALTH RESOURCES INVESTMENT HOLDING GROUP LIMITED,B01086,1993000
2026-03-26,00007,WISDOM WEALTH RESOURCES INVESTMENT HOLDING GROUP LIMITED,B01957,1768000
2026-03-26,00007,WISDOM WEALTH RESOURCES INVESTMENT HOLDING GROUP LIMITED,B01885,1663000
2026-03-26,00007,WISDOM WEALTH RESOURCES INVESTMENT HOLDING GROUP LIMITED,B01416,1551000
2026-03-26,00007,WISDOM WEALTH RESOURCES INVESTMENT HOLDING GROUP LIMITED,B01938,1515000
2026-03-26,00007,WISDOM WEALTH RESOURCES INVESTMENT HOLDING GROUP LIMITED,B01228,1456000
2026-03-26,00007,WISDOM WEALTH RESOURCES INVESTMENT HOLDING GROUP LIMITED,B01438,1440000
2026-03-26,00007,WISDOM WEALTH RESOURCES INVESTMENT HOLDING GROUP LIMITED,B01858,1382000
2026-03-26,00007,WISDOM WEALTH RESOURCES INVESTMENT HOLDING GROUP LIMITED,B01623,1310000
2026-03-26,00007,WISDOM WEALTH RESOURCES INVESTMENT HOLDING GROUP LIMITED,B01169,1190000
2026-03-26,00007,WISDOM WEALTH RESOURCES INVESTMENT HOLDING GROUP LIMITED,B01138,1189000
2026-03-26,00007,WISDOM WEALTH RESOURCES INVESTMENT HOLDING GROUP LIMITED,B01265,1050000
2026-03-26,00007,WISDOM WEALTH RESOURCES INVESTMENT HOLDING GROUP LIMITED,B01825,962744
2026-03-26,00007,WISDOM WEALTH RESOURCES INVESTMENT HOLDING GROUP LIMITED,B01649,930000
2026-03-26,00007,WISDOM WEALTH RESOURCES INVESTMENT HOLDING GROUP LIMITED,B01962,850000
2026-03-26,00007,WISDOM WEALTH RESOURCES INVESTMENT HOLDING GROUP LIMITED,B01298,756000
2026-03-26,00007,WISDOM WEALTH RESOURCES INVESTMENT HOLDING GROUP LIMITED,B01497,663000
2026-03-26,00007,WISDOM WEALTH RESOURCES INVESTMENT HOLDING GROUP LIMITED,B01459,647000
2026-03-26,00007,WISDOM WEALTH RESOURCES INVESTMENT HOLDING GROUP LIMITED,B01813,628000
2026-03-26,00007,WISDOM WEALTH RESOURCES INVESTMENT HOLDING GROUP LIMITED,B01158,609000
2026-03-26,00007,WISDOM WEALTH RESOURCES INVESTMENT HOLDING GROUP LIMITED,B01551,603000
2026-03-26,00007,WISDOM WEALTH RESOURCES INVESTMENT HOLDING GROUP LIMITED,B02132,600000
2026-03-26,00007,WISDOM WEALTH RESOURCES INVESTMENT HOLDING GROUP LIMITED,B01890,595500
2026-03-26,00007,WISDOM WEALTH RESOURCES INVESTMENT HOLDING GROUP LIMITED,B01615,590000
2026-03-26,00007,WISDOM WEALTH RESOURCES INVESTMENT HOLDING GROUP LIMITED,B01814,562000
2026-03-26,00007,WISDOM WEALTH RESOURCES INVESTMENT HOLDING GROUP LIMITED,B01181,521000
2026-03-26,00007,WISDOM WEALTH RESOURCES INVESTMENT HOLDING GROUP LIMITED,B01905,485000
2026-03-26,00007,WISDOM WEALTH RESOURCES INVESTMENT HOLDING GROUP LIMITED,B01423,408125
2026-03-26,00007,WISDOM WEALTH RESOURCES INVESTMENT HOLDING GROUP LIMITED,B01469,400000
2026-03-26,00007,WISDOM WEALTH RESOURCES INVESTMENT HOLDING GROUP LIMITED,B01857,354000
2026-03-26,00007,WISDOM WEALTH RESOURCES INVESTMENT HOLDING GROUP LIMITED,B02116,350000
2026-03-26,00007,WISDOM WEALTH RESOURCES INVESTMENT HOLDING GROUP LIMITED,B01963,344000
2026-03-26,00007,WISDOM WEALTH RESOURCES INVESTMENT HOLDING GROUP LIMITED,B01900,321000
2026-03-26,00007,WISDOM WEALTH RESOURCES INVESTMENT HOLDING GROUP LIMITED,B01875,311000
2026-03-26,00007,WISDOM WEALTH RESOURCES INVESTMENT HOLDING GROUP LIMITED,B01264,255000
2026-03-26,00007,WISDOM WEALTH RESOURCES INVESTMENT HOLDING GROUP LIMITED,B01809,250000
2026-03-26,00007,WISDOM WEALTH RESOURCES INVESTMENT HOLDING GROUP LIMITED,B01564,235000
2026-03-26,00007,WISDOM WEALTH RESOURCES INVESTMENT HOLDING GROUP LIMITED,B01788,225000
2026-03-26,00007,WISDOM WEALTH RESOURCES INVESTMENT HOLDING GROUP LIMITED,B01525,210000
2026-03-26,00007,WISDOM WEALTH RESOURCES INVESTMENT HOLDING GROUP LIMITED,B01829,204000
2026-03-26,00007,WISDOM WEALTH RESOURCES INVESTMENT HOLDING GROUP LIMITED,B01743,190000
2026-03-26,00007,WISDOM WEALTH RESOURCES INVESTMENT HOLDING GROUP LIMITED,B01173,155000
2026-03-26,00007,WISDOM WEALTH RESOURCES INVESTMENT HOLDING GROUP LIMITED,B01308,150000
2026-03-26,00007,WISDOM WEALTH RESOURCES INVESTMENT HOLDING GROUP LIMITED,B01937,145000
2026-03-26,00007,WISDOM WEALTH RESOURCES INVESTMENT HOLDING GROUP LIMITED,B02175,139000
2026-03-26,00007,WISDOM WEALTH RESOURCES INVESTMENT HOLDING GROUP LIMITED,B01129,127000
2026-03-26,00007,WISDOM WEALTH RESOURCES INVESTMENT HOLDING GROUP LIMITED,B01676,123000
2026-03-26,00007,WISDOM WEALTH RESOURCES INVESTMENT HOLDING GROUP LIMITED,B01777,123000
2026-03-26,00007,WISDOM WEALTH RESOURCES INVESTMENT HOLDING GROUP LIMITED,B01563,117000
2026-03-26,00007,WISDOM WEALTH RESOURCES INVESTMENT HOLDING GROUP LIMITED,B01588,100000
2026-03-26,00007,WISDOM WEALTH RESOURCES INVESTMENT HOLDING GROUP LIMITED,B02195,100000
2026-03-26,00007,WISDOM WEALTH RESOURCES INVESTMENT HOLDING GROUP LIMITED,B02120,91000
2026-03-26,00007,WISDOM WEALTH RESOURCES INVESTMENT HOLDING GROUP LIMITED,B01556,86000
2026-03-26,00007,WISDOM WEALTH RESOURCES INVESTMENT HOLDING GROUP LIMITED,B01413,83000
2026-03-26,00007,WISDOM WEALTH RESOURCES INVESTMENT HOLDING GROUP LIMITED,B01252,75000
2026-03-26,00007,WISDOM WEALTH RESOURCES INVESTMENT HOLDING GROUP LIMITED,B01848,75000
2026-03-26,00007,WISDOM WEALTH RESOURCES INVESTMENT HOLDING GROUP LIMITED,B02042,73000
2026-03-26,00007,WISDOM WEALTH RESOURCES INVESTMENT HOLDING GROUP LIMITED,B01425,70000
2026-03-26,00007,WISDOM WEALTH RESOURCES INVESTMENT HOLDING GROUP LIMITED,B01940,69000
2026-03-26,00007,WISDOM WEALTH RESOURCES INVESTMENT HOLDING GROUP LIMITED,B01347,66000
2026-03-26,00007,WISDOM WEALTH RESOURCES INVESTMENT HOLDING GROUP LIMITED,B01601,53000
2026-03-26,00007,WISDOM WEALTH RESOURCES INVESTMENT HOLDING GROUP LIMITED,B02047,53000
2026-03-26,00007,WISDOM WEALTH RESOURCES INVESTMENT HOLDING GROUP LIMITED,B01253,50000
2026-03-26,00007,WISDOM WEALTH RESOURCES INVESTMENT HOLDING GROUP LIMITED,B01714,50000
2026-03-26,00007,WISDOM WEALTH RESOURCES INVESTMENT HOLDING GROUP LIMITED,B02179,50000
2026-03-26,00007,WISDOM WEALTH RESOURCES INVESTMENT HOLDING GROUP LIMITED,B01585,40000
2026-03-26,00007,WISDOM WEALTH RESOURCES INVESTMENT HOLDING GROUP LIMITED,B01700,35000
2026-03-26,00007,WISDOM WEALTH RESOURCES INVESTMENT HOLDING GROUP LIMITED,B01445,30000
2026-03-26,00007,WISDOM WEALTH RESOURCES INVESTMENT HOLDING GROUP LIMITED,B01967,30000
2026-03-26,00007,WISDOM WEALTH RESOURCES INVESTMENT HOLDING GROUP LIMITED,B01546,25000
2026-03-26,00007,WISDOM WEALTH RESOURCES INVESTMENT HOLDING GROUP LIMITED,B01552,25000
2026-03-26,00007,WISDOM WEALTH RESOURCES INVESTMENT HOLDING GROUP LIMITED,B01680,25000
2026-03-26,00007,WISDOM WEALTH RESOURCES INVESTMENT HOLDING GROUP LIMITED,B01696,22000
2026-03-26,00007,WISDOM WEALTH RESOURCES INVESTMENT HOLDING GROUP LIMITED,B01852,22000
2026-03-26,00007,WISDOM WEALTH RESOURCES INVESTMENT HOLDING GROUP LIMITED,B01523,20000
2026-03-26,00007,WISDOM WEALTH RESOURCES INVESTMENT HOLDING GROUP LIMITED,B02159,15500
2026-03-26,00007,WISDOM WEALTH RESOURCES INVESTMENT HOLDING GROUP LIMITED,B01198,15000
2026-03-26,00007,WISDOM WEALTH RESOURCES INVESTMENT HOLDING GROUP LIMITED,B01455,15000
2026-03-26,00007,WISDOM WEALTH RESOURCES INVESTMENT HOLDING GROUP LIMITED,B01741,15000
2026-03-26,00007,WISDOM WEALTH RESOURCES INVESTMENT HOLDING GROUP LIMITED,B01351,13000
2026-03-26,00007,WISDOM WEALTH RESOURCES INVESTMENT HOLDING GROUP LIMITED,B01213,10000
2026-03-26,00007,WISDOM WEALTH RESOURCES INVESTMENT HOLDING GROUP LIMITED,B01428,10000
2026-03-26,00007,WISDOM WEALTH RESOURCES INVESTMENT HOLDING GROUP LIMITED,B01519,10000
2026-03-26,00007,WISDOM WEALTH RESOURCES INVESTMENT HOLDING GROUP LIMITED,B01921,10000
2026-03-26,00007,WISDOM WEALTH RESOURCES INVESTMENT HOLDING GROUP LIMITED,B01769,9519
2026-03-26,00007,WISDOM WEALTH RESOURCES INVESTMENT HOLDING GROUP LIMITED,B01373,9000
2026-03-26,00007,WISDOM WEALTH RESOURCES INVESTMENT HOLDING GROUP LIMITED,B01843,8000
2026-03-26,00007,WISDOM WEALTH RESOURCES INVESTMENT HOLDING GROUP LIMITED,B01918,8000
2026-03-26,00007,WISDOM WEALTH RESOURCES INVESTMENT HOLDING GROUP LIMITED,B01209,6000
2026-03-26,00007,WISDOM WEALTH RESOURCES INVESTMENT HOLDING GROUP LIMITED,B01508,6000
2026-03-26,00007,WISDOM WEALTH RESOURCES INVESTMENT HOLDING GROUP LIMITED,B01576,6000
2026-03-26,00007,WISDOM WEALTH RESOURCES INVESTMENT HOLDING GROUP LIMITED,B01919,6000
2026-03-26,00007,WISDOM WEALTH RESOURCES INVESTMENT HOLDING GROUP LIMITED,B01294,5000
2026-03-26,00007,WISDOM WEALTH RESOURCES INVESTMENT HOLDING GROUP LIMITED,B01427,5000
2026-03-26,00007,WISDOM WEALTH RESOURCES INVESTMENT HOLDING GROUP LIMITED,B01458,5000
2026-03-26,00007,WISDOM WEALTH RESOURCES INVESTMENT HOLDING GROUP LIMITED,B01540,5000
2026-03-26,00007,WISDOM WEALTH RESOURCES INVESTMENT HOLDING GROUP LIMITED,B01716,5000
2026-03-26,00007,WISDOM WEALTH RESOURCES INVESTMENT HOLDING GROUP LIMITED,B02093,5000
2026-03-26,00007,WISDOM WEALTH RESOURCES INVESTMENT HOLDING GROUP LIMITED,B01320,4000
2026-03-26,00007,WISDOM WEALTH RESOURCES INVESTMENT HOLDING GROUP LIMITED,B01756,3000
2026-03-26,00007,WISDOM WEALTH RESOURCES INVESTMENT HOLDING GROUP LIMITED,B02212,3000
2026-03-26,00007,WISDOM WEALTH RESOURCES INVESTMENT HOLDING GROUP LIMITED,B01217,2000
2026-03-26,00007,WISDOM WEALTH RESOURCES INVESTMENT HOLDING GROUP LIMITED,B01725,2000
2026-03-26,00007,WISDOM WEALTH RESOURCES INVESTMENT HOLDING GROUP LIMITED,B01981,2000
2026-03-26,00007,WISDOM WEALTH RESOURCES INVESTMENT HOLDING GROUP LIMITED,B01439,1000
2026-03-26,00007,WISDOM WEALTH RESOURCES INVESTMENT HOLDING GROUP LIMITED,B01454,1000
2026-03-26,00007,WISDOM WEALTH RESOURCES INVESTMENT HOLDING GROUP LIMITED,B01959,1000
2026-03-26,00007,WISDOM WEALTH RESOURCES INVESTMENT HOLDING GROUP LIMITED,B02138,1000
2026-03-26,00007,WISDOM WEALTH RESOURCES INVESTMENT HOLDING GROUP LIMITED,B01340,765
2026-03-26,00008,PCCW LIMITED,B01353,153746824
2026-03-26,00008,PCCW LIMITED,B01451,113607191
2026-03-26,00008,PCCW LIMITED,B01274,94035267
2026-03-26,00008,PCCW LIMITED,B01284,76998190
2026-03-26,00008,PCCW LIMITED,B01161,65210095
2026-03-26,00008,PCCW LIMITED,B01955,41881083
2026-03-26,00008,PCCW LIMITED,B01130,36568134
2026-03-26,00008,PCCW LIMITED,B01228,32638759
2026-03-26,00008,PCCW LIMITED,B01668,25341919
2026-03-26,00008,PCCW LIMITED,B01089,24885388
2026-03-26,00008,PCCW LIMITED,B01590,23710585
2026-03-26,00008,PCCW LIMITED,B01727,23324085
2026-03-26,00008,PCCW LIMITED,B01183,15831150
2026-03-26,00008,PCCW LIMITED,B01695,15465995
2026-03-26,00008,PCCW LIMITED,B01118,15447258
2026-03-26,00008,PCCW LIMITED,B01086,15117694
2026-03-26,00008,PCCW LIMITED,B01623,8888871
2026-03-26,00008,PCCW LIMITED,B01584,8786703
2026-03-26,00008,PCCW LIMITED,B01673,8170063
2026-03-26,00008,PCCW LIMITED,B01345,6968001
2026-03-26,00008,PCCW LIMITED,B01540,6646672
2026-03-26,00008,PCCW LIMITED,B01610,5668100
2026-03-26,00008,PCCW LIMITED,B01904,5133449
2026-03-26,00008,PCCW LIMITED,B01423,4827025
2026-03-26,00008,PCCW LIMITED,B01272,4025465
2026-03-26,00008,PCCW LIMITED,B01842,3581261
2026-03-26,00008,PCCW LIMITED,B01143,3424844
2026-03-26,00008,PCCW LIMITED,B01224,3280725
2026-03-26,00008,PCCW LIMITED,B01497,2858672
2026-03-26,00008,PCCW LIMITED,B02132,2684074
2026-03-26,00008,PCCW LIMITED,B01115,2650154
2026-03-26,00008,PCCW LIMITED,B01275,2366948
2026-03-26,00008,PCCW LIMITED,B01555,2344932
2026-03-26,00008,PCCW LIMITED,B02175,2084650
2026-03-26,00008,PCCW LIMITED,B01829,2074970
2026-03-26,00008,PCCW LIMITED,B01356,1945357
2026-03-26,00008,PCCW LIMITED,B01511,1802720
2026-03-26,00008,PCCW LIMITED,B01169,1799125
2026-03-26,00008,PCCW LIMITED,B01413,1765158
2026-03-26,00008,PCCW LIMITED,B01119,1648999
2026-03-26,00008,PCCW LIMITED,B01427,1588167
2026-03-26,00008,PCCW LIMITED,B01289,1537363
2026-03-26,00008,PCCW LIMITED,B01450,1515999
2026-03-26,00008,PCCW LIMITED,B01389,1398259
2026-03-26,00008,PCCW LIMITED,B01565,1376876
2026-03-26,00008,PCCW LIMITED,B01340,1366455
2026-03-26,00008,PCCW LIMITED,B01459,1306046
2026-03-26,00008,PCCW LIMITED,B01556,1287999
2026-03-26,00008,PCCW LIMITED,B02195,1269294
2026-03-26,00008,PCCW LIMITED,B01298,1256801
2026-03-26,00008,PCCW LIMITED,B01425,1194548
2026-03-26,00008,PCCW LIMITED,B01373,1187510
2026-03-26,00008,PCCW LIMITED,B01292,1153324
2026-03-26,00008,PCCW LIMITED,B01252,1091047
2026-03-26,00008,PCCW LIMITED,B01148,1078754
2026-03-26,00008,PCCW LIMITED,B02142,992000
2026-03-26,00008,PCCW LIMITED,B01649,982851
2026-03-26,00008,PCCW LIMITED,B01941,964158
2026-03-26,00008,PCCW LIMITED,B01813,961824
2026-03-26,00008,PCCW LIMITED,B01826,908246
2026-03-26,00008,PCCW LIMITED,B01264,906208
2026-03-26,00008,PCCW LIMITED,B01123,888740
2026-03-26,00008,PCCW LIMITED,B01324,887554
2026-03-26,00008,PCCW LIMITED,B01677,869609
2026-03-26,00008,PCCW LIMITED,B01564,844516
2026-03-26,00008,PCCW LIMITED,B01209,843566
2026-03-26,00008,PCCW LIMITED,B01184,830794
2026-03-26,00008,PCCW LIMITED,B01433,773532
2026-03-26,00008,PCCW LIMITED,B01552,771656
2026-03-26,00008,PCCW LIMITED,B01481,759744
2026-03-26,00008,PCCW LIMITED,B01158,754991
2026-03-26,00008,PCCW LIMITED,B01940,746362
2026-03-26,00008,PCCW LIMITED,B01947,722138
2026-03-26,00008,PCCW LIMITED,B01901,703156
2026-03-26,00008,PCCW LIMITED,B01265,700346
2026-03-26,00008,PCCW LIMITED,B01470,680716
2026-03-26,00008,PCCW LIMITED,B01445,679133
2026-03-26,00008,PCCW LIMITED,B01338,654407
2026-03-26,00008,PCCW LIMITED,B01843,647728
2026-03-26,00008,PCCW LIMITED,B01962,638259
2026-03-26,00008,PCCW LIMITED,B01905,637559
2026-03-26,00008,PCCW LIMITED,B01696,624032
2026-03-26,00008,PCCW LIMITED,B01929,615576
2026-03-26,00008,PCCW LIMITED,B01576,613600
2026-03-26,00008,PCCW LIMITED,B01588,600636
2026-03-26,00008,PCCW LIMITED,B01267,594129
2026-03-26,00008,PCCW LIMITED,B01939,554160
2026-03-26,00008,PCCW LIMITED,B01173,525373
2026-03-26,00008,PCCW LIMITED,B01581,512719
2026-03-26,00008,PCCW LIMITED,B01294,497069
2026-03-26,00008,PCCW LIMITED,B01439,460004
2026-03-26,00008,PCCW LIMITED,B01814,460000
2026-03-26,00008,PCCW LIMITED,B02093,437238
2026-03-26,00008,PCCW LIMITED,B01563,414374
2026-03-26,00008,PCCW LIMITED,B01351,409707
2026-03-26,00008,PCCW LIMITED,B01788,407854
2026-03-26,00008,PCCW LIMITED,B01253,404482
2026-03-26,00008,PCCW LIMITED,B01271,401435
2026-03-26,00008,PCCW LIMITED,B01347,400574
2026-03-26,00008,PCCW LIMITED,B01567,383808
2026-03-26,00008,PCCW LIMITED,B01416,383458
2026-03-26,00008,PCCW LIMITED,B01743,373356
2026-03-26,00008,PCCW LIMITED,B01198,369623
2026-03-26,00008,PCCW LIMITED,B01705,356858
2026-03-26,00008,PCCW LIMITED,B01213,355607
2026-03-26,00008,PCCW LIMITED,B02159,355469
2026-03-26,00008,PCCW LIMITED,B01762,344749
2026-03-26,00008,PCCW LIMITED,B01615,340924
2026-03-26,00008,PCCW LIMITED,B01858,340189
2026-03-26,00008,PCCW LIMITED,B01585,328905
2026-03-26,00008,PCCW LIMITED,B01328,324245
2026-03-26,00008,PCCW LIMITED,B01577,323641
2026-03-26,00008,PCCW LIMITED,B01777,320577
2026-03-26,00008,PCCW LIMITED,B01787,312825
2026-03-26,00008,PCCW LIMITED,B01438,308221
2026-03-26,00008,PCCW LIMITED,B01343,306608
2026-03-26,00008,PCCW LIMITED,B01514,297571
2026-03-26,00008,PCCW LIMITED,B01767,281600
2026-03-26,00008,PCCW LIMITED,B01546,279580
2026-03-26,00008,PCCW LIMITED,B01246,274423
2026-03-26,00008,PCCW LIMITED,B01700,257419
2026-03-26,00008,PCCW LIMITED,B01494,257322
2026-03-26,00008,PCCW LIMITED,B01551,253673
2026-03-26,00008,PCCW LIMITED,B01900,234319
2026-03-26,00008,PCCW LIMITED,B01458,230028
2026-03-26,00008,PCCW LIMITED,B01141,228139
2026-03-26,00008,PCCW LIMITED,B01809,224983
2026-03-26,00008,PCCW LIMITED,B01959,224544
2026-03-26,00008,PCCW LIMITED,B01724,221087
2026-03-26,00008,PCCW LIMITED,B01665,220325
2026-03-26,00008,PCCW LIMITED,B01676,216231
2026-03-26,00008,PCCW LIMITED,B01483,215172
2026-03-26,00008,PCCW LIMITED,B01686,211938
2026-03-26,00008,PCCW LIMITED,B01973,210000
2026-03-26,00008,PCCW LIMITED,B01138,207800
2026-03-26,00008,PCCW LIMITED,B02116,202000
2026-03-26,00008,PCCW LIMITED,B01769,191132
2026-03-26,00008,PCCW LIMITED,B01825,186945
2026-03-26,00008,PCCW LIMITED,B01509,184901
2026-03-26,00008,PCCW LIMITED,B01866,179345
2026-03-26,00008,PCCW LIMITED,B01519,174893
2026-03-26,00008,PCCW LIMITED,B01350,168200
2026-03-26,00008,PCCW LIMITED,B01256,167519
2026-03-26,00008,PCCW LIMITED,B01240,159841
2026-03-26,00008,PCCW LIMITED,B01525,153845
2026-03-26,00008,PCCW LIMITED,B01666,147307
2026-03-26,00008,PCCW LIMITED,B01310,136653
2026-03-26,00008,PCCW LIMITED,B01129,132274
2026-03-26,00008,PCCW LIMITED,B01710,130000
2026-03-26,00008,PCCW LIMITED,B01571,129800
2026-03-26,00008,PCCW LIMITED,B01455,122440
2026-03-26,00008,PCCW LIMITED,B01523,121516
2026-03-26,00008,PCCW LIMITED,B01938,119743
2026-03-26,00008,PCCW LIMITED,B01963,117376
2026-03-26,00008,PCCW LIMITED,B01659,117032
2026-03-26,00008,PCCW LIMITED,B01849,112382
2026-03-26,00008,PCCW LIMITED,B01248,109154
2026-03-26,00008,PCCW LIMITED,B01669,101181
2026-03-26,00008,PCCW LIMITED,B01930,100000
2026-03-26,00008,PCCW LIMITED,B01181,96433
2026-03-26,00008,PCCW LIMITED,B02156,95000
2026-03-26,00008,PCCW LIMITED,B01469,93276
2026-03-26,00008,PCCW LIMITED,B01782,88198
2026-03-26,00008,PCCW LIMITED,B01773,78716
2026-03-26,00008,PCCW LIMITED,B01230,78600
2026-03-26,00008,PCCW LIMITED,B01401,77582
2026-03-26,00008,PCCW LIMITED,B01714,72224
2026-03-26,00008,PCCW LIMITED,B01789,72152
2026-03-26,00008,PCCW LIMITED,B01444,69748
2026-03-26,00008,PCCW LIMITED,B01654,68549
2026-03-26,00008,PCCW LIMITED,B01661,65472
2026-03-26,00008,PCCW LIMITED,B01318,64506
2026-03-26,00008,PCCW LIMITED,B02206,63000
2026-03-26,00008,PCCW LIMITED,B01974,62042
2026-03-26,00008,PCCW LIMITED,B01848,59000
2026-03-26,00008,PCCW LIMITED,B01510,56800
2026-03-26,00008,PCCW LIMITED,B01660,56574
2026-03-26,00008,PCCW LIMITED,B01680,56313
2026-03-26,00008,PCCW LIMITED,B01386,55693
2026-03-26,00008,PCCW LIMITED,B01784,55317
2026-03-26,00008,PCCW LIMITED,B01976,55000
2026-03-26,00008,PCCW LIMITED,B01454,53800
2026-03-26,00008,PCCW LIMITED,B01277,52523
2026-03-26,00008,PCCW LIMITED,B01580,52000
2026-03-26,00008,PCCW LIMITED,B01592,48680
2026-03-26,00008,PCCW LIMITED,B01745,47416
2026-03-26,00008,PCCW LIMITED,B01897,45674
2026-03-26,00008,PCCW LIMITED,B01967,42606
2026-03-26,00008,PCCW LIMITED,B01810,40000
2026-03-26,00008,PCCW LIMITED,B02079,40000
2026-03-26,00008,PCCW LIMITED,B01685,33906
2026-03-26,00008,PCCW LIMITED,B01645,33800
2026-03-26,00008,PCCW LIMITED,B01664,33726
2026-03-26,00008,PCCW LIMITED,B02047,33000
2026-03-26,00008,PCCW LIMITED,B01684,30452
2026-03-26,00008,PCCW LIMITED,B01231,30184
2026-03-26,00008,PCCW LIMITED,B01915,29374
2026-03-26,00008,PCCW LIMITED,B01472,25400
2026-03-26,00008,PCCW LIMITED,B01751,24623
2026-03-26,00008,PCCW LIMITED,B01636,24255
2026-03-26,00008,PCCW LIMITED,B01601,23883
2026-03-26,00008,PCCW LIMITED,B01341,23137
2026-03-26,00008,PCCW LIMITED,B01608,23000
2026-03-26,00008,PCCW LIMITED,B02120,23000
2026-03-26,00008,PCCW LIMITED,B01290,22590
2026-03-26,00008,PCCW LIMITED,B02032,22000
2026-03-26,00008,PCCW LIMITED,B01785,20000
2026-03-26,00008,PCCW LIMITED,B02202,20000
2026-03-26,00008,PCCW LIMITED,B02092,19000
2026-03-26,00008,PCCW LIMITED,B01756,18800
2026-03-26,00008,PCCW LIMITED,B01407,18243
2026-03-26,00008,PCCW LIMITED,B01694,17928
2026-03-26,00008,PCCW LIMITED,B01890,17063
2026-03-26,00008,PCCW LIMITED,B01720,16656
2026-03-26,00008,PCCW LIMITED,B01783,15800
2026-03-26,00008,PCCW LIMITED,B01863,15095
2026-03-26,00008,PCCW LIMITED,B01794,15061
2026-03-26,00008,PCCW LIMITED,B01627,14484
2026-03-26,00008,PCCW LIMITED,B01716,14000
2026-03-26,00008,PCCW LIMITED,B01322,13027
2026-03-26,00008,PCCW LIMITED,B01501,12802
2026-03-26,00008,PCCW LIMITED,B02128,12000
2026-03-26,00008,PCCW LIMITED,B01948,11859
2026-03-26,00008,PCCW LIMITED,B01868,11400
2026-03-26,00008,PCCW LIMITED,B01238,10800
2026-03-26,00008,PCCW LIMITED,B01759,10599
2026-03-26,00008,PCCW LIMITED,B01227,10400
2026-03-26,00008,PCCW LIMITED,B01582,10000
2026-03-26,00008,PCCW LIMITED,B01885,10000
2026-03-26,00008,PCCW LIMITED,B01936,10000
2026-03-26,00008,PCCW LIMITED,B02112,10000
2026-03-26,00008,PCCW LIMITED,B01741,9620
2026-03-26,00008,PCCW LIMITED,B01329,8876
2026-03-26,00008,PCCW LIMITED,B01753,8000
2026-03-26,00008,PCCW LIMITED,B01619,7800
2026-03-26,00008,PCCW LIMITED,B01434,7226
2026-03-26,00008,PCCW LIMITED,B01641,7000
2026-03-26,00008,PCCW LIMITED,B01527,6095
2026-03-26,00008,PCCW LIMITED,B01921,6000
2026-03-26,00008,PCCW LIMITED,B02041,6000
2026-03-26,00008,PCCW LIMITED,B01080,5400
2026-03-26,00008,PCCW LIMITED,B01471,5369
2026-03-26,00008,PCCW LIMITED,B01630,5264
2026-03-26,00008,PCCW LIMITED,B01308,5200
2026-03-26,00008,PCCW LIMITED,B01894,5000
2026-03-26,00008,PCCW LIMITED,B02151,5000
2026-03-26,00008,PCCW LIMITED,B01326,4800
2026-03-26,00008,PCCW LIMITED,B01212,4783
2026-03-26,00008,PCCW LIMITED,B01375,4288
2026-03-26,00008,PCCW LIMITED,B01428,4220
2026-03-26,00008,PCCW LIMITED,B01795,4000
2026-03-26,00008,PCCW LIMITED,B02078,4000
2026-03-26,00008,PCCW LIMITED,B01604,3778
2026-03-26,00008,PCCW LIMITED,B01754,3563
2026-03-26,00008,PCCW LIMITED,B01935,3210
2026-03-26,00008,PCCW LIMITED,B01217,3117
2026-03-26,00008,PCCW LIMITED,B02075,3112
2026-03-26,00008,PCCW LIMITED,B01937,3000
2026-03-26,00008,PCCW LIMITED,B02164,3000
2026-03-26,00008,PCCW LIMITED,B02176,2697
2026-03-26,00008,PCCW LIMITED,B01462,2512
2026-03-26,00008,PCCW LIMITED,B01853,2400
2026-03-26,00008,PCCW LIMITED,B02096,2400
2026-03-26,00008,PCCW LIMITED,B01508,2072
2026-03-26,00008,PCCW LIMITED,B01579,2000
2026-03-26,00008,PCCW LIMITED,B01857,2000
2026-03-26,00008,PCCW LIMITED,B02022,2000
2026-03-26,00008,PCCW LIMITED,B02087,2000
2026-03-26,00008,PCCW LIMITED,B01392,1869
2026-03-26,00008,PCCW LIMITED,B01447,1601
2026-03-26,00008,PCCW LIMITED,B01650,1600
2026-03-26,00008,PCCW LIMITED,B01575,1200
2026-03-26,00008,PCCW LIMITED,B01631,1200
2026-03-26,00008,PCCW LIMITED,B01971,1070
2026-03-26,00008,PCCW LIMITED,B01670,1000
2026-03-26,00008,PCCW LIMITED,B01755,1000
2026-03-26,00008,PCCW LIMITED,B02042,1000
2026-03-26,00008,PCCW LIMITED,B02210,1000
2026-03-26,00008,PCCW LIMITED,B01346,800
2026-03-26,00008,PCCW LIMITED,B01404,800
2026-03-26,00008,PCCW LIMITED,B01487,800
2026-03-26,00008,PCCW LIMITED,B01907,800
2026-03-26,00008,PCCW LIMITED,B01919,800
2026-03-26,00008,PCCW LIMITED,B01776,675
2026-03-26,00008,PCCW LIMITED,B01568,640
2026-03-26,00008,PCCW LIMITED,B01922,600
2026-03-26,00008,PCCW LIMITED,B01559,437
2026-03-26,00008,PCCW LIMITED,B01415,400
2026-03-26,00008,PCCW LIMITED,B01437,400
2026-03-26,00008,PCCW LIMITED,B01479,400
2026-03-26,00008,PCCW LIMITED,B01875,400
2026-03-26,00008,PCCW LIMITED,B01927,400
2026-03-26,00008,PCCW LIMITED,B02163,400
2026-03-26,00008,PCCW LIMITED,B01830,260
2026-03-26,00008,PCCW LIMITED,B01207,200
2026-03-26,00008,PCCW LIMITED,B01640,200
2026-03-26,00008,PCCW LIMITED,B01648,200
2026-03-26,00008,PCCW LIMITED,B01765,200
2026-03-26,00008,PCCW LIMITED,B02085,59
2026-03-26,00008,PCCW LIMITED,B01410,6
2026-03-26,00008,PCCW LIMITED,B02134,4
2026-03-26,00010,HANG LUNG GROUP LIMITED,B01161,16813375
2026-03-26,00010,HANG LUNG GROUP LIMITED,B01451,8646999
2026-03-26,00010,HANG LUNG GROUP LIMITED,B01590,7866925
2026-03-26,00010,HANG LUNG GROUP LIMITED,B01955,3788111
2026-03-26,00010,HANG LUNG GROUP LIMITED,B01727,3266800
2026-03-26,00010,HANG LUNG GROUP LIMITED,B01130,3197000
2026-03-26,00010,HANG LUNG GROUP LIMITED,B01284,2790355
2026-03-26,00010,HANG LUNG GROUP LIMITED,B01345,2650410
2026-03-26,00010,HANG LUNG GROUP LIMITED,B01148,1758000
2026-03-26,00010,HANG LUNG GROUP LIMITED,B01143,1321000
2026-03-26,00010,HANG LUNG GROUP LIMITED,B01668,1270962
2026-03-26,00010,HANG LUNG GROUP LIMITED,B01858,1225000
2026-03-26,00010,HANG LUNG GROUP LIMITED,B01353,1133157
2026-03-26,00010,HANG LUNG GROUP LIMITED,B01118,1064500
2026-03-26,00010,HANG LUNG GROUP LIMITED,B01623,1009000
2026-03-26,00010,HANG LUNG GROUP LIMITED,B01459,973000
2026-03-26,00010,HANG LUNG GROUP LIMITED,B01905,941000
2026-03-26,00010,HANG LUNG GROUP LIMITED,B01347,930000
2026-03-26,00010,HANG LUNG GROUP LIMITED,B01695,887575
2026-03-26,00010,HANG LUNG GROUP LIMITED,B01129,829000
2026-03-26,00010,HANG LUNG GROUP LIMITED,B01089,760750
2026-03-26,00010,HANG LUNG GROUP LIMITED,B01584,747390
2026-03-26,00010,HANG LUNG GROUP LIMITED,B01274,655855
2026-03-26,00010,HANG LUNG GROUP LIMITED,B01826,474000
2026-03-26,00010,HANG LUNG GROUP LIMITED,B02142,457000
2026-03-26,00010,HANG LUNG GROUP LIMITED,B01565,451735
2026-03-26,00010,HANG LUNG GROUP LIMITED,B01762,439000
2026-03-26,00010,HANG LUNG GROUP LIMITED,B01086,419167
2026-03-26,00010,HANG LUNG GROUP LIMITED,B01264,398500
2026-03-26,00010,HANG LUNG GROUP LIMITED,B01228,385000
2026-03-26,00010,HANG LUNG GROUP LIMITED,B01610,371000
2026-03-26,00010,HANG LUNG GROUP LIMITED,B01183,370650
2026-03-26,00010,HANG LUNG GROUP LIMITED,B01115,328000
2026-03-26,00010,HANG LUNG GROUP LIMITED,B01356,199700
2026-03-26,00010,HANG LUNG GROUP LIMITED,B01645,180000
2026-03-26,00010,HANG LUNG GROUP LIMITED,B01272,160000
2026-03-26,00010,HANG LUNG GROUP LIMITED,B01673,157000
2026-03-26,00010,HANG LUNG GROUP LIMITED,B01497,154000
2026-03-26,00010,HANG LUNG GROUP LIMITED,B01724,150550
2026-03-26,00010,HANG LUNG GROUP LIMITED,B02175,149000
2026-03-26,00010,HANG LUNG GROUP LIMITED,B01676,128000
2026-03-26,00010,HANG LUNG GROUP LIMITED,B01885,124000
2026-03-26,00010,HANG LUNG GROUP LIMITED,B01555,119760
2026-03-26,00010,HANG LUNG GROUP LIMITED,B01423,119661
2026-03-26,00010,HANG LUNG GROUP LIMITED,B01947,117000
2026-03-26,00010,HANG LUNG GROUP LIMITED,B01890,110000
2026-03-26,00010,HANG LUNG GROUP LIMITED,B01224,104935
2026-03-26,00010,HANG LUNG GROUP LIMITED,B02195,88000
2026-03-26,00010,HANG LUNG GROUP LIMITED,B01900,84000
2026-03-26,00010,HANG LUNG GROUP LIMITED,B01843,61000
2026-03-26,00010,HANG LUNG GROUP LIMITED,B01494,60300
2026-03-26,00010,HANG LUNG GROUP LIMITED,B01373,56600
2026-03-26,00010,HANG LUNG GROUP LIMITED,B01904,55141
2026-03-26,00010,HANG LUNG GROUP LIMITED,B01511,55000
2026-03-26,00010,HANG LUNG GROUP LIMITED,B01649,54000
2026-03-26,00010,HANG LUNG GROUP LIMITED,B01119,53772
2026-03-26,00010,HANG LUNG GROUP LIMITED,B01875,49000
2026-03-26,00010,HANG LUNG GROUP LIMITED,B01929,49000
2026-03-26,00010,HANG LUNG GROUP LIMITED,B01556,44000
2026-03-26,00010,HANG LUNG GROUP LIMITED,B01289,43722
2026-03-26,00010,HANG LUNG GROUP LIMITED,B01298,41300
2026-03-26,00010,HANG LUNG GROUP LIMITED,B01425,40000
2026-03-26,00010,HANG LUNG GROUP LIMITED,B01445,38200
2026-03-26,00010,HANG LUNG GROUP LIMITED,B01267,37050
2026-03-26,00010,HANG LUNG GROUP LIMITED,B01481,35000
2026-03-26,00010,HANG LUNG GROUP LIMITED,B01971,35000
2026-03-26,00010,HANG LUNG GROUP LIMITED,B02141,34000
2026-03-26,00010,HANG LUNG GROUP LIMITED,B01324,33000
2026-03-26,00010,HANG LUNG GROUP LIMITED,B01848,33000
2026-03-26,00010,HANG LUNG GROUP LIMITED,B01567,30000
2026-03-26,00010,HANG LUNG GROUP LIMITED,B01181,28000
2026-03-26,00010,HANG LUNG GROUP LIMITED,B01813,28000
2026-03-26,00010,HANG LUNG GROUP LIMITED,B01842,28000
2026-03-26,00010,HANG LUNG GROUP LIMITED,B01198,27200
2026-03-26,00010,HANG LUNG GROUP LIMITED,B01275,27000
2026-03-26,00010,HANG LUNG GROUP LIMITED,B01470,22000
2026-03-26,00010,HANG LUNG GROUP LIMITED,B01700,22000
2026-03-26,00010,HANG LUNG GROUP LIMITED,B01829,22000
2026-03-26,00010,HANG LUNG GROUP LIMITED,B01849,22000
2026-03-26,00010,HANG LUNG GROUP LIMITED,B01209,20000
2026-03-26,00010,HANG LUNG GROUP LIMITED,B01252,20000
2026-03-26,00010,HANG LUNG GROUP LIMITED,B02132,20000
2026-03-26,00010,HANG LUNG GROUP LIMITED,B01519,18000
2026-03-26,00010,HANG LUNG GROUP LIMITED,B01169,16000
2026-03-26,00010,HANG LUNG GROUP LIMITED,B01787,15000
2026-03-26,00010,HANG LUNG GROUP LIMITED,B01939,15000
2026-03-26,00010,HANG LUNG GROUP LIMITED,B01265,14000
2026-03-26,00010,HANG LUNG GROUP LIMITED,B01450,13000
2026-03-26,00010,HANG LUNG GROUP LIMITED,B01581,13000
2026-03-26,00010,HANG LUNG GROUP LIMITED,B01158,12000
2026-03-26,00010,HANG LUNG GROUP LIMITED,B01416,12000
2026-03-26,00010,HANG LUNG GROUP LIMITED,B01967,12000
2026-03-26,00010,HANG LUNG GROUP LIMITED,B02159,12000
2026-03-26,00010,HANG LUNG GROUP LIMITED,B01230,11250
2026-03-26,00010,HANG LUNG GROUP LIMITED,B01540,11250
2026-03-26,00010,HANG LUNG GROUP LIMITED,B01940,11000
2026-03-26,00010,HANG LUNG GROUP LIMITED,B01413,10000
2026-03-26,00010,HANG LUNG GROUP LIMITED,B01576,10000
2026-03-26,00010,HANG LUNG GROUP LIMITED,B01654,10000
2026-03-26,00010,HANG LUNG GROUP LIMITED,B01901,10000
2026-03-26,00010,HANG LUNG GROUP LIMITED,B01948,10000
2026-03-26,00010,HANG LUNG GROUP LIMITED,B01538,8000
2026-03-26,00010,HANG LUNG GROUP LIMITED,B01328,7000
2026-03-26,00010,HANG LUNG GROUP LIMITED,B02102,7000
2026-03-26,00010,HANG LUNG GROUP LIMITED,B01351,6000
2026-03-26,00010,HANG LUNG GROUP LIMITED,B01483,6000
2026-03-26,00010,HANG LUNG GROUP LIMITED,B01936,6000
2026-03-26,00010,HANG LUNG GROUP LIMITED,B02120,6000
2026-03-26,00010,HANG LUNG GROUP LIMITED,B01615,5200
2026-03-26,00010,HANG LUNG GROUP LIMITED,B01256,5000
2026-03-26,00010,HANG LUNG GROUP LIMITED,B01350,5000
2026-03-26,00010,HANG LUNG GROUP LIMITED,B01439,5000
2026-03-26,00010,HANG LUNG GROUP LIMITED,B01454,5000
2026-03-26,00010,HANG LUNG GROUP LIMITED,B01564,5000
2026-03-26,00010,HANG LUNG GROUP LIMITED,B01588,5000
2026-03-26,00010,HANG LUNG GROUP LIMITED,B01696,5000
2026-03-26,00010,HANG LUNG GROUP LIMITED,B01231,4675
2026-03-26,00010,HANG LUNG GROUP LIMITED,B01173,4000
2026-03-26,00010,HANG LUNG GROUP LIMITED,B01343,4000
2026-03-26,00010,HANG LUNG GROUP LIMITED,B01455,4000
2026-03-26,00010,HANG LUNG GROUP LIMITED,B01743,4000
2026-03-26,00010,HANG LUNG GROUP LIMITED,B01773,4000
2026-03-26,00010,HANG LUNG GROUP LIMITED,B01934,4000
2026-03-26,00010,HANG LUNG GROUP LIMITED,B01433,3000
2026-03-26,00010,HANG LUNG GROUP LIMITED,B01661,3000
2026-03-26,00010,HANG LUNG GROUP LIMITED,B01710,3000
2026-03-26,00010,HANG LUNG GROUP LIMITED,B01833,3000
2026-03-26,00010,HANG LUNG GROUP LIMITED,B01893,3000
2026-03-26,00010,HANG LUNG GROUP LIMITED,B02212,3000
2026-03-26,00010,HANG LUNG GROUP LIMITED,B01340,2239
2026-03-26,00010,HANG LUNG GROUP LIMITED,B01271,2000
2026-03-26,00010,HANG LUNG GROUP LIMITED,B01601,2000
2026-03-26,00010,HANG LUNG GROUP LIMITED,B01716,2000
2026-03-26,00010,HANG LUNG GROUP LIMITED,B01783,2000
2026-03-26,00010,HANG LUNG GROUP LIMITED,B01809,2000
2026-03-26,00010,HANG LUNG GROUP LIMITED,B02047,2000
2026-03-26,00010,HANG LUNG GROUP LIMITED,B01240,1014
2026-03-26,00010,HANG LUNG GROUP LIMITED,B01523,1010
2026-03-26,00010,HANG LUNG GROUP LIMITED,B01213,1000
2026-03-26,00010,HANG LUNG GROUP LIMITED,B01585,1000
2026-03-26,00010,HANG LUNG GROUP LIMITED,B01686,1000
2026-03-26,00010,HANG LUNG GROUP LIMITED,B01767,1000
2026-03-26,00010,HANG LUNG GROUP LIMITED,B01777,1000
2026-03-26,00010,HANG LUNG GROUP LIMITED,B01784,1000
2026-03-26,00010,HANG LUNG GROUP LIMITED,B01794,1000
2026-03-26,00010,HANG LUNG GROUP LIMITED,B01814,1000
2026-03-26,00010,HANG LUNG GROUP LIMITED,B02128,1000
2026-03-26,00010,HANG LUNG GROUP LIMITED,B02093,480
2026-03-26,00010,HANG LUNG GROUP LIMITED,B01769,262
2026-03-26,00010,HANG LUNG GROUP LIMITED,B02214,1
2026-03-26,00012,HENDERSON LAND DEVELOPMENT CO LTD,B01161,34175311
2026-03-26,00012,HENDERSON LAND DEVELOPMENT CO LTD,B01284,16420537
2026-03-26,00012,HENDERSON LAND DEVELOPMENT CO LTD,B01552,8624969
2026-03-26,00012,HENDERSON LAND DEVELOPMENT CO LTD,B01089,6611634
2026-03-26,00012,HENDERSON LAND DEVELOPMENT CO LTD,B01130,6177287
2026-03-26,00012,HENDERSON LAND DEVELOPMENT CO LTD,B01274,5436201
2026-03-26,00012,HENDERSON LAND DEVELOPMENT CO LTD,B01727,5303837
2026-03-26,00012,HENDERSON LAND DEVELOPMENT CO LTD,B01695,4408281
2026-03-26,00012,HENDERSON LAND DEVELOPMENT CO LTD,B01451,3869190
2026-03-26,00012,HENDERSON LAND DEVELOPMENT CO LTD,B01668,3770814
2026-03-26,00012,HENDERSON LAND DEVELOPMENT CO LTD,B01224,3700774
2026-03-26,00012,HENDERSON LAND DEVELOPMENT CO LTD,B01955,3683099
2026-03-26,00012,HENDERSON LAND DEVELOPMENT CO LTD,B01353,3607882
2026-03-26,00012,HENDERSON LAND DEVELOPMENT CO LTD,B01118,3191065
2026-03-26,00012,HENDERSON LAND DEVELOPMENT CO LTD,B01183,2224088
2026-03-26,00012,HENDERSON LAND DEVELOPMENT CO LTD,B01345,2142247
2026-03-26,00012,HENDERSON LAND DEVELOPMENT CO LTD,B01086,1901868
2026-03-26,00012,HENDERSON LAND DEVELOPMENT CO LTD,B01246,1783323
2026-03-26,00012,HENDERSON LAND DEVELOPMENT CO LTD,B01576,1762083
2026-03-26,00012,HENDERSON LAND DEVELOPMENT CO LTD,B01590,1697082
2026-03-26,00012,HENDERSON LAND DEVELOPMENT CO LTD,B01123,1574286
2026-03-26,00012,HENDERSON LAND DEVELOPMENT CO LTD,B01584,1521432
2026-03-26,00012,HENDERSON LAND DEVELOPMENT CO LTD,B01610,1371484
2026-03-26,00012,HENDERSON LAND DEVELOPMENT CO LTD,B01941,1020730
2026-03-26,00012,HENDERSON LAND DEVELOPMENT CO LTD,B01272,973438
2026-03-26,00012,HENDERSON LAND DEVELOPMENT CO LTD,B01275,800301
2026-03-26,00012,HENDERSON LAND DEVELOPMENT CO LTD,B01497,617486
2026-03-26,00012,HENDERSON LAND DEVELOPMENT CO LTD,B01555,614312
2026-03-26,00012,HENDERSON LAND DEVELOPMENT CO LTD,B01169,567018
2026-03-26,00012,HENDERSON LAND DEVELOPMENT CO LTD,B01505,549610
2026-03-26,00012,HENDERSON LAND DEVELOPMENT CO LTD,B01324,501583
2026-03-26,00012,HENDERSON LAND DEVELOPMENT CO LTD,B01623,475432
2026-03-26,00012,HENDERSON LAND DEVELOPMENT CO LTD,B01228,424175
2026-03-26,00012,HENDERSON LAND DEVELOPMENT CO LTD,B01842,415675
2026-03-26,00012,HENDERSON LAND DEVELOPMENT CO LTD,B01423,403076
2026-03-26,00012,HENDERSON LAND DEVELOPMENT CO LTD,B01673,399525
2026-03-26,00012,HENDERSON LAND DEVELOPMENT CO LTD,B01439,378173
2026-03-26,00012,HENDERSON LAND DEVELOPMENT CO LTD,B01556,376911
2026-03-26,00012,HENDERSON LAND DEVELOPMENT CO LTD,B01143,343436
2026-03-26,00012,HENDERSON LAND DEVELOPMENT CO LTD,B01939,318793
2026-03-26,00012,HENDERSON LAND DEVELOPMENT CO LTD,B01762,318325
2026-03-26,00012,HENDERSON LAND DEVELOPMENT CO LTD,B01565,311927
2026-03-26,00012,HENDERSON LAND DEVELOPMENT CO LTD,B01264,299988
2026-03-26,00012,HENDERSON LAND DEVELOPMENT CO LTD,B01115,285354
2026-03-26,00012,HENDERSON LAND DEVELOPMENT CO LTD,B01665,277382
2026-03-26,00012,HENDERSON LAND DEVELOPMENT CO LTD,B02141,257350
2026-03-26,00012,HENDERSON LAND DEVELOPMENT CO LTD,B02181,250000
2026-03-26,00012,HENDERSON LAND DEVELOPMENT CO LTD,B01459,247075
2026-03-26,00012,HENDERSON LAND DEVELOPMENT CO LTD,B01413,229469
2026-03-26,00012,HENDERSON LAND DEVELOPMENT CO LTD,B01425,227321
2026-03-26,00012,HENDERSON LAND DEVELOPMENT CO LTD,B01438,222080
2026-03-26,00012,HENDERSON LAND DEVELOPMENT CO LTD,B01813,215270
2026-03-26,00012,HENDERSON LAND DEVELOPMENT CO LTD,B01777,206170
2026-03-26,00012,HENDERSON LAND DEVELOPMENT CO LTD,B01581,197990
2026-03-26,00012,HENDERSON LAND DEVELOPMENT CO LTD,B01148,185139
2026-03-26,00012,HENDERSON LAND DEVELOPMENT CO LTD,B01298,185095
2026-03-26,00012,HENDERSON LAND DEVELOPMENT CO LTD,B01823,171000
2026-03-26,00012,HENDERSON LAND DEVELOPMENT CO LTD,B01119,170508
2026-03-26,00012,HENDERSON LAND DEVELOPMENT CO LTD,B01564,169428
2026-03-26,00012,HENDERSON LAND DEVELOPMENT CO LTD,B01947,169037
2026-03-26,00012,HENDERSON LAND DEVELOPMENT CO LTD,B01373,162564
2026-03-26,00012,HENDERSON LAND DEVELOPMENT CO LTD,B01904,161598
2026-03-26,00012,HENDERSON LAND DEVELOPMENT CO LTD,B01129,157863
2026-03-26,00012,HENDERSON LAND DEVELOPMENT CO LTD,B01265,157063
2026-03-26,00012,HENDERSON LAND DEVELOPMENT CO LTD,B01649,150448
2026-03-26,00012,HENDERSON LAND DEVELOPMENT CO LTD,B01588,146563
2026-03-26,00012,HENDERSON LAND DEVELOPMENT CO LTD,B01252,134514
2026-03-26,00012,HENDERSON LAND DEVELOPMENT CO LTD,B01209,131745
2026-03-26,00012,HENDERSON LAND DEVELOPMENT CO LTD,B02132,130912
2026-03-26,00012,HENDERSON LAND DEVELOPMENT CO LTD,B01546,119813
2026-03-26,00012,HENDERSON LAND DEVELOPMENT CO LTD,B01356,114324
2026-03-26,00012,HENDERSON LAND DEVELOPMENT CO LTD,B01450,112934
2026-03-26,00012,HENDERSON LAND DEVELOPMENT CO LTD,B01645,112105
2026-03-26,00012,HENDERSON LAND DEVELOPMENT CO LTD,B01905,111038
2026-03-26,00012,HENDERSON LAND DEVELOPMENT CO LTD,B01289,109171
2026-03-26,00012,HENDERSON LAND DEVELOPMENT CO LTD,B01787,107434
2026-03-26,00012,HENDERSON LAND DEVELOPMENT CO LTD,B01829,106419
2026-03-26,00012,HENDERSON LAND DEVELOPMENT CO LTD,B01893,106300
2026-03-26,00012,HENDERSON LAND DEVELOPMENT CO LTD,B02032,102610
2026-03-26,00012,HENDERSON LAND DEVELOPMENT CO LTD,B01198,101824
2026-03-26,00012,HENDERSON LAND DEVELOPMENT CO LTD,B01929,95561
2026-03-26,00012,HENDERSON LAND DEVELOPMENT CO LTD,B01940,94152
2026-03-26,00012,HENDERSON LAND DEVELOPMENT CO LTD,B01267,93848
2026-03-26,00012,HENDERSON LAND DEVELOPMENT CO LTD,B01340,93130
2026-03-26,00012,HENDERSON LAND DEVELOPMENT CO LTD,B01843,90390
2026-03-26,00012,HENDERSON LAND DEVELOPMENT CO LTD,B01343,88252
2026-03-26,00012,HENDERSON LAND DEVELOPMENT CO LTD,B01184,88226
2026-03-26,00012,HENDERSON LAND DEVELOPMENT CO LTD,B02142,86009
2026-03-26,00012,HENDERSON LAND DEVELOPMENT CO LTD,B02175,85158
2026-03-26,00012,HENDERSON LAND DEVELOPMENT CO LTD,B01338,83569
2026-03-26,00012,HENDERSON LAND DEVELOPMENT CO LTD,B01483,82794
2026-03-26,00012,HENDERSON LAND DEVELOPMENT CO LTD,B01470,81280
2026-03-26,00012,HENDERSON LAND DEVELOPMENT CO LTD,B01511,78835
2026-03-26,00012,HENDERSON LAND DEVELOPMENT CO LTD,B01567,78468
2026-03-26,00012,HENDERSON LAND DEVELOPMENT CO LTD,B01455,74280
2026-03-26,00012,HENDERSON LAND DEVELOPMENT CO LTD,B01832,71600
2026-03-26,00012,HENDERSON LAND DEVELOPMENT CO LTD,B01351,70647
2026-03-26,00012,HENDERSON LAND DEVELOPMENT CO LTD,B01445,69611
2026-03-26,00012,HENDERSON LAND DEVELOPMENT CO LTD,B01433,69465
2026-03-26,00012,HENDERSON LAND DEVELOPMENT CO LTD,B01900,67510
2026-03-26,00012,HENDERSON LAND DEVELOPMENT CO LTD,B01686,65416
2026-03-26,00012,HENDERSON LAND DEVELOPMENT CO LTD,B01173,64976
2026-03-26,00012,HENDERSON LAND DEVELOPMENT CO LTD,B01696,58647
2026-03-26,00012,HENDERSON LAND DEVELOPMENT CO LTD,B01789,56972
2026-03-26,00012,HENDERSON LAND DEVELOPMENT CO LTD,B01700,55514
2026-03-26,00012,HENDERSON LAND DEVELOPMENT CO LTD,B01666,54523
2026-03-26,00012,HENDERSON LAND DEVELOPMENT CO LTD,B01563,53179
2026-03-26,00012,HENDERSON LAND DEVELOPMENT CO LTD,B01585,51973
2026-03-26,00012,HENDERSON LAND DEVELOPMENT CO LTD,B01753,50794
2026-03-26,00012,HENDERSON LAND DEVELOPMENT CO LTD,B01759,50712
2026-03-26,00012,HENDERSON LAND DEVELOPMENT CO LTD,B01577,50510
2026-03-26,00012,HENDERSON LAND DEVELOPMENT CO LTD,B01253,49200
2026-03-26,00012,HENDERSON LAND DEVELOPMENT CO LTD,B01858,46800
2026-03-26,00012,HENDERSON LAND DEVELOPMENT CO LTD,B02159,46228
2026-03-26,00012,HENDERSON LAND DEVELOPMENT CO LTD,B01347,44149
2026-03-26,00012,HENDERSON LAND DEVELOPMENT CO LTD,B01619,41693
2026-03-26,00012,HENDERSON LAND DEVELOPMENT CO LTD,B01676,41413
2026-03-26,00012,HENDERSON LAND DEVELOPMENT CO LTD,B01705,40000
2026-03-26,00012,HENDERSON LAND DEVELOPMENT CO LTD,B01615,38058
2026-03-26,00012,HENDERSON LAND DEVELOPMENT CO LTD,B01814,37000
2026-03-26,00012,HENDERSON LAND DEVELOPMENT CO LTD,B01710,36924
2026-03-26,00012,HENDERSON LAND DEVELOPMENT CO LTD,B01271,35218
2026-03-26,00012,HENDERSON LAND DEVELOPMENT CO LTD,B01158,33407
2026-03-26,00012,HENDERSON LAND DEVELOPMENT CO LTD,B01784,33078
2026-03-26,00012,HENDERSON LAND DEVELOPMENT CO LTD,B01745,32948
2026-03-26,00012,HENDERSON LAND DEVELOPMENT CO LTD,B01294,32434
2026-03-26,00012,HENDERSON LAND DEVELOPMENT CO LTD,B01514,32295
2026-03-26,00012,HENDERSON LAND DEVELOPMENT CO LTD,B01661,32134
2026-03-26,00012,HENDERSON LAND DEVELOPMENT CO LTD,B02195,32125
2026-03-26,00012,HENDERSON LAND DEVELOPMENT CO LTD,B02035,32000
2026-03-26,00012,HENDERSON LAND DEVELOPMENT CO LTD,B02102,32000
2026-03-26,00012,HENDERSON LAND DEVELOPMENT CO LTD,B01782,31207
2026-03-26,00012,HENDERSON LAND DEVELOPMENT CO LTD,B01248,30610
2026-03-26,00012,HENDERSON LAND DEVELOPMENT CO LTD,B01659,29715
2026-03-26,00012,HENDERSON LAND DEVELOPMENT CO LTD,B01809,29608
2026-03-26,00012,HENDERSON LAND DEVELOPMENT CO LTD,B01350,28727
2026-03-26,00012,HENDERSON LAND DEVELOPMENT CO LTD,B01669,28571
2026-03-26,00012,HENDERSON LAND DEVELOPMENT CO LTD,B01724,27507
2026-03-26,00012,HENDERSON LAND DEVELOPMENT CO LTD,B01767,24486
2026-03-26,00012,HENDERSON LAND DEVELOPMENT CO LTD,B01894,24420
2026-03-26,00012,HENDERSON LAND DEVELOPMENT CO LTD,B02093,24018
2026-03-26,00012,HENDERSON LAND DEVELOPMENT CO LTD,B01592,23508
2026-03-26,00012,HENDERSON LAND DEVELOPMENT CO LTD,B01416,22977
2026-03-26,00012,HENDERSON LAND DEVELOPMENT CO LTD,B02075,22955
2026-03-26,00012,HENDERSON LAND DEVELOPMENT CO LTD,B01256,22620
2026-03-26,00012,HENDERSON LAND DEVELOPMENT CO LTD,B01962,22200
2026-03-26,00012,HENDERSON LAND DEVELOPMENT CO LTD,B01948,21250
2026-03-26,00012,HENDERSON LAND DEVELOPMENT CO LTD,B01458,20792
2026-03-26,00012,HENDERSON LAND DEVELOPMENT CO LTD,B01240,20099
2026-03-26,00012,HENDERSON LAND DEVELOPMENT CO LTD,B02096,19110
2026-03-26,00012,HENDERSON LAND DEVELOPMENT CO LTD,B01848,19000
2026-03-26,00012,HENDERSON LAND DEVELOPMENT CO LTD,B01890,18000
2026-03-26,00012,HENDERSON LAND DEVELOPMENT CO LTD,B01901,17507
2026-03-26,00012,HENDERSON LAND DEVELOPMENT CO LTD,B01773,17366
2026-03-26,00012,HENDERSON LAND DEVELOPMENT CO LTD,B01788,16780
2026-03-26,00012,HENDERSON LAND DEVELOPMENT CO LTD,B01318,16414
2026-03-26,00012,HENDERSON LAND DEVELOPMENT CO LTD,B01230,16125
2026-03-26,00012,HENDERSON LAND DEVELOPMENT CO LTD,B02028,15887
2026-03-26,00012,HENDERSON LAND DEVELOPMENT CO LTD,B01494,15730
2026-03-26,00012,HENDERSON LAND DEVELOPMENT CO LTD,B01551,15664
2026-03-26,00012,HENDERSON LAND DEVELOPMENT CO LTD,B01341,15589
2026-03-26,00012,HENDERSON LAND DEVELOPMENT CO LTD,B01654,14072
2026-03-26,00012,HENDERSON LAND DEVELOPMENT CO LTD,B01525,14000
2026-03-26,00012,HENDERSON LAND DEVELOPMENT CO LTD,B02085,13630
2026-03-26,00012,HENDERSON LAND DEVELOPMENT CO LTD,B01213,12500
2026-03-26,00012,HENDERSON LAND DEVELOPMENT CO LTD,B01783,12048
2026-03-26,00012,HENDERSON LAND DEVELOPMENT CO LTD,B01328,11809
2026-03-26,00012,HENDERSON LAND DEVELOPMENT CO LTD,B02031,11000
2026-03-26,00012,HENDERSON LAND DEVELOPMENT CO LTD,B01540,10366
2026-03-26,00012,HENDERSON LAND DEVELOPMENT CO LTD,B01826,10343
2026-03-26,00012,HENDERSON LAND DEVELOPMENT CO LTD,B01141,10029
2026-03-26,00012,HENDERSON LAND DEVELOPMENT CO LTD,B01568,10000
2026-03-26,00012,HENDERSON LAND DEVELOPMENT CO LTD,B02108,10000
2026-03-26,00012,HENDERSON LAND DEVELOPMENT CO LTD,B01769,9895
2026-03-26,00012,HENDERSON LAND DEVELOPMENT CO LTD,B01509,9580
2026-03-26,00012,HENDERSON LAND DEVELOPMENT CO LTD,B01519,9130
2026-03-26,00012,HENDERSON LAND DEVELOPMENT CO LTD,B01389,8742
2026-03-26,00012,HENDERSON LAND DEVELOPMENT CO LTD,B01684,7603
2026-03-26,00012,HENDERSON LAND DEVELOPMENT CO LTD,B01794,6070
2026-03-26,00012,HENDERSON LAND DEVELOPMENT CO LTD,B01810,6000
2026-03-26,00012,HENDERSON LAND DEVELOPMENT CO LTD,B01510,5845
2026-03-26,00012,HENDERSON LAND DEVELOPMENT CO LTD,B01934,5845
2026-03-26,00012,HENDERSON LAND DEVELOPMENT CO LTD,B01454,5670
2026-03-26,00012,HENDERSON LAND DEVELOPMENT CO LTD,B01427,5500
2026-03-26,00012,HENDERSON LAND DEVELOPMENT CO LTD,B01897,5420
2026-03-26,00012,HENDERSON LAND DEVELOPMENT CO LTD,B01930,5200
2026-03-26,00012,HENDERSON LAND DEVELOPMENT CO LTD,B01974,5050
2026-03-26,00012,HENDERSON LAND DEVELOPMENT CO LTD,B01849,5000
2026-03-26,00012,HENDERSON LAND DEVELOPMENT CO LTD,B01743,4840
2026-03-26,00012,HENDERSON LAND DEVELOPMENT CO LTD,B01958,4400
2026-03-26,00012,HENDERSON LAND DEVELOPMENT CO LTD,B01964,4400
2026-03-26,00012,HENDERSON LAND DEVELOPMENT CO LTD,B01660,4299
2026-03-26,00012,HENDERSON LAND DEVELOPMENT CO LTD,B01716,4210
2026-03-26,00012,HENDERSON LAND DEVELOPMENT CO LTD,B01751,4068
2026-03-26,00012,HENDERSON LAND DEVELOPMENT CO LTD,B01830,4019
2026-03-26,00012,HENDERSON LAND DEVELOPMENT CO LTD,B01181,4000
2026-03-26,00012,HENDERSON LAND DEVELOPMENT CO LTD,B01967,4000
2026-03-26,00012,HENDERSON LAND DEVELOPMENT CO LTD,B02116,4000
2026-03-26,00012,HENDERSON LAND DEVELOPMENT CO LTD,B02120,4000
2026-03-26,00012,HENDERSON LAND DEVELOPMENT CO LTD,B01481,3968
2026-03-26,00012,HENDERSON LAND DEVELOPMENT CO LTD,B01277,3755
2026-03-26,00012,HENDERSON LAND DEVELOPMENT CO LTD,B01444,3200
2026-03-26,00012,HENDERSON LAND DEVELOPMENT CO LTD,B01936,3133
2026-03-26,00012,HENDERSON LAND DEVELOPMENT CO LTD,B02145,3100
2026-03-26,00012,HENDERSON LAND DEVELOPMENT CO LTD,B01866,3026
2026-03-26,00012,HENDERSON LAND DEVELOPMENT CO LTD,B01995,2662
2026-03-26,00012,HENDERSON LAND DEVELOPMENT CO LTD,B01601,2566
2026-03-26,00012,HENDERSON LAND DEVELOPMENT CO LTD,B01386,2542
2026-03-26,00012,HENDERSON LAND DEVELOPMENT CO LTD,B01795,2210
2026-03-26,00012,HENDERSON LAND DEVELOPMENT CO LTD,B01447,2200
2026-03-26,00012,HENDERSON LAND DEVELOPMENT CO LTD,B01756,2200
2026-03-26,00012,HENDERSON LAND DEVELOPMENT CO LTD,B01310,2000
2026-03-26,00012,HENDERSON LAND DEVELOPMENT CO LTD,B01428,2000
2026-03-26,00012,HENDERSON LAND DEVELOPMENT CO LTD,B01670,2000
2026-03-26,00012,HENDERSON LAND DEVELOPMENT CO LTD,B01685,2000
2026-03-26,00012,HENDERSON LAND DEVELOPMENT CO LTD,B01741,2000
2026-03-26,00012,HENDERSON LAND DEVELOPMENT CO LTD,B01217,1985
2026-03-26,00012,HENDERSON LAND DEVELOPMENT CO LTD,B01714,1948
2026-03-26,00012,HENDERSON LAND DEVELOPMENT CO LTD,B01755,1948
2026-03-26,00012,HENDERSON LAND DEVELOPMENT CO LTD,B01538,1750
2026-03-26,00012,HENDERSON LAND DEVELOPMENT CO LTD,B01694,1210
2026-03-26,00012,HENDERSON LAND DEVELOPMENT CO LTD,B01906,1210
2026-03-26,00012,HENDERSON LAND DEVELOPMENT CO LTD,B01401,1100
2026-03-26,00012,HENDERSON LAND DEVELOPMENT CO LTD,B01469,1000
2026-03-26,00012,HENDERSON LAND DEVELOPMENT CO LTD,B01523,1000
2026-03-26,00012,HENDERSON LAND DEVELOPMENT CO LTD,B01680,965
2026-03-26,00012,HENDERSON LAND DEVELOPMENT CO LTD,B01915,948
2026-03-26,00012,HENDERSON LAND DEVELOPMENT CO LTD,B01138,388
2026-03-26,00012,HENDERSON LAND DEVELOPMENT CO LTD,B02156,224
2026-03-26,00012,HENDERSON LAND DEVELOPMENT CO LTD,B01653,44
2026-03-26,00012,HENDERSON LAND DEVELOPMENT CO LTD,B01290,13
2026-03-26,00012,HENDERSON LAND DEVELOPMENT CO LTD,B01410,7
2026-03-26,00012,HENDERSON LAND DEVELOPMENT CO LTD,B01212,1
2026-03-26,00012,HENDERSON LAND DEVELOPMENT CO LTD,B01938,1
